timestamp_s,phase,pressure_target_n,slip_estimate_mm,safety_stop,thumb_prox_rad,thumb_mid_rad,thumb_dist_rad,index_prox_rad,index_mid_rad,index_dist_rad,middle_prox_rad,middle_mid_rad,middle_dist_rad,ring_prox_rad,ring_mid_rad,ring_dist_rad,little_prox_rad,little_mid_rad,little_dist_rad
0.0,scene ready,0.25,0.34,False,0.0,0.0,0.0,0.0,0.0,0.0,0.0,0.0,0.0,0.0,0.0,0.0,0.0,0.0,0.0
0.02,scene ready,0.25,0.34,False,0.0,0.0,0.0,0.0,0.0,0.0,0.0,0.0,0.0,0.0,0.0,0.0,0.0,0.0,0.0
0.04,scene ready,0.25,0.34,False,0.0,0.0,0.0,0.0,0.0,0.0,0.0,0.0,0.0,0.0,0.0,0.0,0.0,0.0,0.0
0.06,scene ready,0.25,0.34,False,0.0,0.0,0.0,0.0,0.0,0.0,0.0,0.0,0.0,0.0,0.0,0.0,0.0,0.0,0.0
0.08,scene ready,0.25,0.34,False,0.0,0.0,0.0,0.0,0.0,0.0,0.0,0.0,0.0,0.0,0.0,0.0,0.0,0.0,0.0
0.1,scene ready,0.25,0.34,False,0.0,0.0,0.0,0.0,0.0,0.0,0.0,0.0,0.0,0.0,0.0,0.0,0.0,0.0,0.0
0.12,scene ready,0.25,0.34,False,0.0,0.0,0.0,0.0,0.0,0.0,0.0,0.0,0.0,0.0,0.0,0.0,0.0,0.0,0.0
0.14,scene ready,0.25,0.34,False,0.0,0.0,0.0,0.0,0.0,0.0,0.0,0.0,0.0,0.0,0.0,0.0,0.0,0.0,0.0
0.16,scene ready,0.25,0.34,False,0.0,0.0,0.0,0.0,0.0,0.0,0.0,0.0,0.0,0.0,0.0,0.0,0.0,0.0,0.0
0.18,scene ready,0.25,0.34,False,0.0,0.0,0.0,0.0,0.0,0.0,0.0,0.0,0.0,0.0,0.0,0.0,0.0,0.0,0.0
0.2,scene ready,0.25,0.34,False,0.0,0.0,0.0,0.0,0.0,0.0,0.0,0.0,0.0,0.0,0.0,0.0,0.0,0.0,0.0
0.22,scene ready,0.25,0.34,False,0.0,0.0,0.0,0.0,0.0,0.0,0.0,0.0,0.0,0.0,0.0,0.0,0.0,0.0,0.0
0.24,scene ready,0.25,0.34,False,0.0,0.0,0.0,0.0,0.0,0.0,0.0,0.0,0.0,0.0,0.0,0.0,0.0,0.0,0.0
0.26,scene ready,0.25,0.34,False,0.0,0.0,0.0,0.0,0.0,0.0,0.0,0.0,0.0,0.0,0.0,0.0,0.0,0.0,0.0
0.28,scene ready,0.25,0.34,False,0.0,0.0,0.0,0.0,0.0,0.0,0.0,0.0,0.0,0.0,0.0,0.0,0.0,0.0,0.0
0.3,scene ready,0.25,0.34,False,0.0,0.0,0.0,0.0,0.0,0.0,0.0,0.0,0.0,0.0,0.0,0.0,0.0,0.0,0.0
0.32,scene ready,0.25,0.34,False,0.0,0.0,0.0,0.0,0.0,0.0,0.0,0.0,0.0,0.0,0.0,0.0,0.0,0.0,0.0
0.34,scene ready,0.25,0.34,False,0.0,0.0,0.0,0.0,0.0,0.0,0.0,0.0,0.0,0.0,0.0,0.0,0.0,0.0,0.0
0.36,scene ready,0.25,0.34,False,0.0,0.0,0.0,0.0,0.0,0.0,0.0,0.0,0.0,0.0,0.0,0.0,0.0,0.0,0.0
0.38,scene ready,0.25,0.34,False,0.0,0.0,0.0,0.0,0.0,0.0,0.0,0.0,0.0,0.0,0.0,0.0,0.0,0.0,0.0
0.4,scene ready,0.25,0.34,False,0.0,0.0,0.0,0.0,0.0,0.0,0.0,0.0,0.0,0.0,0.0,0.0,0.0,0.0,0.0
0.42,scene ready,0.25,0.34,False,0.0,0.0,0.0,0.0,0.0,0.0,0.0,0.0,0.0,0.0,0.0,0.0,0.0,0.0,0.0
0.44,scene ready,0.25,0.34,False,0.0,0.0,0.0,0.0,0.0,0.0,0.0,0.0,0.0,0.0,0.0,0.0,0.0,0.0,0.0
0.46,scene ready,0.25,0.34,False,0.0,0.0,0.0,0.0,0.0,0.0,0.0,0.0,0.0,0.0,0.0,0.0,0.0,0.0,0.0
0.48,scene ready,0.25,0.34,False,0.0,0.0,0.0,0.0,0.0,0.0,0.0,0.0,0.0,0.0,0.0,0.0,0.0,0.0,0.0
0.5,scene ready,0.25,0.34,False,0.0,0.0,0.0,0.0,0.0,0.0,0.0,0.0,0.0,0.0,0.0,0.0,0.0,0.0,0.0
0.52,scene ready,0.25,0.34,False,0.0,0.0,0.0,0.0,0.0,0.0,0.0,0.0,0.0,0.0,0.0,0.0,0.0,0.0,0.0
0.54,scene ready,0.25,0.34,False,0.0,0.0,0.0,0.0,0.0,0.0,0.0,0.0,0.0,0.0,0.0,0.0,0.0,0.0,0.0
0.56,scene ready,0.25,0.34,False,0.0,0.0,0.0,0.0,0.0,0.0,0.0,0.0,0.0,0.0,0.0,0.0,0.0,0.0,0.0
0.58,scene ready,0.25,0.34,False,0.0,0.0,0.0,0.0,0.0,0.0,0.0,0.0,0.0,0.0,0.0,0.0,0.0,0.0,0.0
0.6,scene ready,0.25,0.34,False,0.0,0.0,0.0,0.0,0.0,0.0,0.0,0.0,0.0,0.0,0.0,0.0,0.0,0.0,0.0
0.62,scene ready,0.25,0.34,False,0.0,0.0,0.0,0.0,0.0,0.0,0.0,0.0,0.0,0.0,0.0,0.0,0.0,0.0,0.0
0.64,scene ready,0.25,0.34,False,0.0,0.0,0.0,0.0,0.0,0.0,0.0,0.0,0.0,0.0,0.0,0.0,0.0,0.0,0.0
0.66,scene ready,0.25,0.34,False,0.0,0.0,0.0,0.0,0.0,0.0,0.0,0.0,0.0,0.0,0.0,0.0,0.0,0.0,0.0
0.68,scene ready,0.25,0.34,False,0.0,0.0,0.0,0.0,0.0,0.0,0.0,0.0,0.0,0.0,0.0,0.0,0.0,0.0,0.0
0.7,scene ready,0.25,0.34,False,0.0,0.0,0.0,0.0,0.0,0.0,0.0,0.0,0.0,0.0,0.0,0.0,0.0,0.0,0.0
0.72,scene ready,0.25,0.34,False,0.0,0.0,0.0,0.0,0.0,0.0,0.0,0.0,0.0,0.0,0.0,0.0,0.0,0.0,0.0
0.74,scene ready,0.25,0.34,False,0.0,0.0,0.0,0.0,0.0,0.0,0.0,0.0,0.0,0.0,0.0,0.0,0.0,0.0,0.0
0.76,scene ready,0.25,0.34,False,0.0,0.0,0.0,0.0,0.0,0.0,0.0,0.0,0.0,0.0,0.0,0.0,0.0,0.0,0.0
0.78,scene ready,0.25,0.34,False,0.0,0.0,0.0,0.0,0.0,0.0,0.0,0.0,0.0,0.0,0.0,0.0,0.0,0.0,0.0
0.8,scene ready,0.25,0.34,False,0.0,0.0,0.0,0.0,0.0,0.0,0.0,0.0,0.0,0.0,0.0,0.0,0.0,0.0,0.0
0.82,scene ready,0.25,0.34,False,0.0,0.0,0.0,0.0,0.0,0.0,0.0,0.0,0.0,0.0,0.0,0.0,0.0,0.0,0.0
0.84,scene ready,0.25,0.34,False,0.0,0.0,0.0,0.0,0.0,0.0,0.0,0.0,0.0,0.0,0.0,0.0,0.0,0.0,0.0
0.86,scene ready,0.25,0.34,False,0.0,0.0,0.0,0.0,0.0,0.0,0.0,0.0,0.0,0.0,0.0,0.0,0.0,0.0,0.0
0.88,scene ready,0.25,0.34,False,0.0,0.0,0.0,0.0,0.0,0.0,0.0,0.0,0.0,0.0,0.0,0.0,0.0,0.0,0.0
0.9,scene ready,0.25,0.34,False,0.0,0.0,0.0,0.0,0.0,0.0,0.0,0.0,0.0,0.0,0.0,0.0,0.0,0.0,0.0
0.92,scene ready,0.25,0.34,False,0.0,0.0,0.0,0.0,0.0,0.0,0.0,0.0,0.0,0.0,0.0,0.0,0.0,0.0,0.0
0.94,scene ready,0.25,0.34,False,0.0,0.0,0.0,0.0,0.0,0.0,0.0,0.0,0.0,0.0,0.0,0.0,0.0,0.0,0.0
0.96,scene ready,0.25,0.34,False,0.0,0.0,0.0,0.0,0.0,0.0,0.0,0.0,0.0,0.0,0.0,0.0,0.0,0.0,0.0
0.98,scene ready,0.25,0.34,False,0.0,0.0,0.0,0.0,0.0,0.0,0.0,0.0,0.0,0.0,0.0,0.0,0.0,0.0,0.0
1.0,scene ready,0.25,0.34,False,0.0,0.0,0.0,0.0,0.0,0.0,0.0,0.0,0.0,0.0,0.0,0.0,0.0,0.0,0.0
1.02,scene ready,0.25,0.34,False,0.0,0.0,0.0,0.0,0.0,0.0,0.0,0.0,0.0,0.0,0.0,0.0,0.0,0.0,0.0
1.04,scene ready,0.25,0.34,False,0.0,0.0,0.0,0.0,0.0,0.0,0.0,0.0,0.0,0.0,0.0,0.0,0.0,0.0,0.0
1.06,scene ready,0.25,0.34,False,0.0,0.0,0.0,0.0,0.0,0.0,0.0,0.0,0.0,0.0,0.0,0.0,0.0,0.0,0.0
1.08,scene ready,0.25,0.34,False,0.0,0.0,0.0,0.0,0.0,0.0,0.0,0.0,0.0,0.0,0.0,0.0,0.0,0.0,0.0
1.1,scene ready,0.25,0.34,False,0.0,0.0,0.0,0.0,0.0,0.0,0.0,0.0,0.0,0.0,0.0,0.0,0.0,0.0,0.0
1.12,scene ready,0.25,0.34,False,0.0,0.0,0.0,0.0,0.0,0.0,0.0,0.0,0.0,0.0,0.0,0.0,0.0,0.0,0.0
1.14,scene ready,0.25,0.34,False,0.0,0.0,0.0,0.0,0.0,0.0,0.0,0.0,0.0,0.0,0.0,0.0,0.0,0.0,0.0
1.16,scene ready,0.25,0.34,False,0.0,0.0,0.0,0.0,0.0,0.0,0.0,0.0,0.0,0.0,0.0,0.0,0.0,0.0,0.0
1.18,scene ready,0.2501,0.34,False,1e-05,2e-05,1e-05,2e-05,2e-05,2e-05,2e-05,2e-05,2e-05,1e-05,2e-05,1e-05,1e-05,2e-05,1e-05
1.2,scene ready,0.2502,0.34,False,3e-05,4e-05,3e-05,4e-05,6e-05,4e-05,4e-05,6e-05,4e-05,3e-05,4e-05,3e-05,3e-05,4e-05,3e-05
1.22,scene ready,0.2523,0.34,False,0.00037,0.00056,0.00042,0.00056,0.00074,0.00051,0.00053,0.0007,0.00049,0.00046,0.00062,0.0004,0.0004,0.00056,0.00035
1.24,scene ready,0.2559,0.34,False,0.00094,0.00143,0.00108,0.00143,0.00187,0.00129,0.00134,0.00178,0.00123,0.00119,0.00158,0.00103,0.00103,0.00143,0.00088
1.26,scene ready,0.2619,0.34,False,0.0019,0.0029,0.0022,0.0029,0.0038,0.0026,0.00271,0.00361,0.0025,0.00241,0.0032,0.0021,0.0021,0.0029,0.0018
1.28,scene ready,0.2704,0.34,False,0.00326,0.00497,0.00377,0.00497,0.00651,0.00446,0.00463,0.00618,0.00428,0.00411,0.00549,0.0036,0.0036,0.00497,0.00309
1.3,scene ready,0.2809,0.34,False,0.00493,0.00752,0.00571,0.00752,0.00985,0.00675,0.00701,0.00934,0.00648,0.00622,0.0083,0.00545,0.00545,0.00752,0.00467
1.32,scene ready,0.2941,0.34,False,0.00704,0.01075,0.00816,0.01075,0.01408,0.00965,0.01001,0.01334,0.00927,0.0089,0.01186,0.00779,0.00779,0.01075,0.00668
1.34,scene ready,0.3088,0.34,False,0.0094,0.01434,0.01089,0.01434,0.01879,0.01287,0.01335,0.0178,0.01236,0.01188,0.01582,0.01038,0.01038,0.01434,0.00891
1.36,scene ready,0.3265,0.34,False,0.01222,0.01865,0.01416,0.01865,0.02445,0.01673,0.01737,0.02316,0.01608,0.01544,0.02058,0.01351,0.01351,0.01865,0.01159
1.38,scene ready,0.3453,0.34,False,0.01522,0.02323,0.01763,0.02323,0.03045,0.02084,0.02163,0.02884,0.02002,0.01923,0.02563,0.01682,0.01682,0.02323,0.01443
1.4,scene ready,0.3673,0.34,False,0.01873,0.02859,0.02169,0.02859,0.03747,0.02564,0.02662,0.03549,0.02464,0.02366,0.03155,0.0207,0.0207,0.02859,0.01775
1.42,scene ready,0.3899,0.34,False,0.02235,0.03412,0.02588,0.03412,0.04471,0.03059,0.03177,0.04235,0.02941,0.02824,0.03765,0.02471,0.02471,0.03412,0.02118
1.44,scene ready,0.416,0.34,False,0.02652,0.04048,0.03071,0.04048,0.05304,0.0363,0.03769,0.05025,0.03489,0.03351,0.04467,0.02931,0.02931,0.04048,0.02513
1.46,scene ready,0.4423,0.34,False,0.03074,0.04692,0.0356,0.04692,0.06148,0.04208,0.04369,0.05824,0.04045,0.03884,0.05177,0.03398,0.03398,0.04692,0.02913
1.48,scene ready,0.4722,0.34,False,0.03552,0.05421,0.04113,0.05421,0.07103,0.04861,0.05048,0.06729,0.04674,0.04487,0.05981,0.03926,0.03926,0.05421,0.03365
1.5,scene ready,0.5021,0.34,False,0.0403,0.06151,0.04665,0.06151,0.08058,0.05513,0.05726,0.07634,0.05302,0.05089,0.06786,0.04454,0.04454,0.06151,0.03817
1.52,closed-loop five-finger grasp,0.5356,0.34,False,0.04565,0.06968,0.05286,0.06968,0.09129,0.06246,0.06487,0.08649,0.06006,0.05766,0.07687,0.05045,0.05045,0.06968,0.04324
1.54,closed-loop five-finger grasp,0.5692,0.34,False,0.051,0.07785,0.05906,0.07785,0.10199,0.06978,0.07247,0.09663,0.0671,0.06442,0.08589,0.05636,0.05636,0.07785,0.04832
1.56,closed-loop five-finger grasp,0.6058,0.34,False,0.05687,0.08679,0.06585,0.08679,0.11373,0.07782,0.0808,0.10774,0.07482,0.07183,0.09577,0.06284,0.06284,0.08679,0.05388
1.58,closed-loop five-finger grasp,0.6428,0.34,False,0.06278,0.09581,0.0727,0.09581,0.12556,0.08591,0.08921,0.11895,0.0826,0.0793,0.10573,0.06938,0.06938,0.09581,0.05948
1.6,closed-loop five-finger grasp,0.6824,0.34,False,0.06911,0.10547,0.08002,0.10547,0.13821,0.09457,0.0982,0.13094,0.09093,0.08729,0.11639,0.07638,0.07638,0.10547,0.06547
1.62,closed-loop five-finger grasp,0.7226,0.34,False,0.07552,0.11526,0.08744,0.11526,0.15103,0.10333,0.10731,0.14308,0.09936,0.09538,0.12719,0.08347,0.08347,0.11526,0.07154
1.64,closed-loop five-finger grasp,0.7649,0.34,False,0.08229,0.12559,0.09527,0.12559,0.16456,0.11259,0.11693,0.15591,0.10827,0.10393,0.13858,0.09095,0.09095,0.12559,0.07795
1.66,closed-loop five-finger grasp,0.808,0.34,False,0.08917,0.1361,0.10325,0.1361,0.17833,0.12202,0.12671,0.16896,0.11732,0.11263,0.15018,0.09856,0.09856,0.1361,0.08447
1.68,closed-loop five-finger grasp,0.853,0.34,False,0.09636,0.14708,0.11158,0.14708,0.19272,0.13186,0.13693,0.18258,0.12679,0.12171,0.16229,0.1065,0.1065,0.14708,0.09129
1.7,closed-loop five-finger grasp,0.8989,0.34,False,0.10371,0.15829,0.12008,0.15829,0.20741,0.14191,0.14737,0.19649,0.13645,0.13099,0.17467,0.11462,0.11462,0.15829,0.09825
1.72,closed-loop five-finger grasp,0.9463,0.34,False,0.11129,0.16985,0.12884,0.16985,0.22256,0.15228,0.15813,0.21084,0.14642,0.14056,0.18742,0.12299,0.12299,0.16985,0.10543
1.74,closed-loop five-finger grasp,0.9947,0.34,False,0.11902,0.18165,0.1378,0.18165,0.23803,0.16287,0.16912,0.2255,0.1566,0.15034,0.20045,0.13154,0.13154,0.18165,0.11275
1.76,closed-loop five-finger grasp,1.0443,0.34,False,0.12694,0.19374,0.14698,0.19374,0.25387,0.17371,0.18038,0.24051,0.16702,0.16035,0.21379,0.1403,0.1403,0.19374,0.12026
1.78,closed-loop five-finger grasp,1.095,0.34,False,0.13504,0.20612,0.15637,0.20612,0.27009,0.1848,0.19191,0.25588,0.1777,0.17059,0.22744,0.14926,0.14926,0.20612,0.12794
1.8,closed-loop five-finger grasp,1.1467,0.34,False,0.1433,0.21873,0.16593,0.21873,0.28661,0.1961,0.20364,0.27153,0.18856,0.18101,0.24135,0.15838,0.15838,0.21873,0.13576
1.82,closed-loop five-finger grasp,1.1997,0.34,False,0.15176,0.23165,0.17573,0.23165,0.30354,0.20769,0.21567,0.28756,0.1997,0.19171,0.25561,0.16775,0.16775,0.23165,0.14379
1.84,closed-loop five-finger grasp,1.2532,0.34,False,0.16033,0.24472,0.18564,0.24472,0.32067,0.2194,0.22783,0.30378,0.21096,0.20253,0.27003,0.17721,0.17721,0.24472,0.1519
1.86,closed-loop five-finger grasp,1.308,0.34,False,0.16908,0.25807,0.19578,0.25807,0.33816,0.23137,0.24027,0.32036,0.22248,0.21358,0.28477,0.18688,0.18688,0.25807,0.16018
1.88,closed-loop five-finger grasp,1.3632,0.34,False,0.1779,0.27153,0.20599,0.27153,0.35579,0.24344,0.2528,0.33707,0.23408,0.22471,0.29961,0.19663,0.19663,0.27153,0.16854
1.9,closed-loop five-finger grasp,1.4196,0.34,False,0.18692,0.2853,0.21643,0.2853,0.37383,0.25578,0.26562,0.35416,0.24594,0.23611,0.31481,0.2066,0.2066,0.2853,0.17708
1.92,closed-loop five-finger grasp,1.4763,0.34,False,0.19598,0.29913,0.22692,0.29913,0.39196,0.26819,0.2785,0.37132,0.25786,0.24755,0.33007,0.21661,0.21661,0.29913,0.18567
1.94,closed-loop five-finger grasp,1.5344,0.34,False,0.20526,0.31328,0.23766,0.31328,0.41051,0.28087,0.29168,0.3889,0.27007,0.25927,0.3457,0.22687,0.22687,0.31328,0.19445
1.96,closed-loop five-finger grasp,1.5925,0.34,False,0.21455,0.32746,0.24842,0.32746,0.42909,0.29358,0.30488,0.40651,0.2823,0.271,0.36134,0.23714,0.23714,0.32746,0.20325
1.98,closed-loop five-finger grasp,1.6517,0.34,False,0.224,0.3419,0.25937,0.3419,0.448,0.30652,0.31832,0.42442,0.29474,0.28295,0.37727,0.24758,0.24758,0.3419,0.21221
2.0,closed-loop five-finger grasp,1.7108,0.34,False,0.23346,0.35633,0.27032,0.35633,0.46691,0.31947,0.33175,0.44234,0.30718,0.29489,0.39319,0.25803,0.25803,0.35633,0.22117
2.02,closed-loop five-finger grasp,1.771,0.34,False,0.24307,0.37101,0.28146,0.37101,0.48615,0.33263,0.34542,0.46056,0.31983,0.30705,0.40939,0.26866,0.26866,0.37101,0.23028
2.04,closed-loop five-finger grasp,1.8312,0.34,False,0.25269,0.38569,0.2926,0.38569,0.50538,0.3458,0.35909,0.47878,0.33249,0.3192,0.4256,0.27929,0.27929,0.38569,0.2394
2.06,closed-loop five-finger grasp,1.8923,0.34,False,0.26245,0.40059,0.3039,0.40059,0.52491,0.35916,0.37296,0.49728,0.34534,0.33153,0.44203,0.29008,0.29008,0.40059,0.24864
2.08,closed-loop five-finger grasp,1.9534,0.34,False,0.27223,0.41551,0.31521,0.41551,0.54446,0.37253,0.38685,0.51581,0.3582,0.34387,0.45849,0.30089,0.30089,0.41551,0.2579
2.1,closed-loop five-finger grasp,2.015,0.34,False,0.28207,0.43052,0.3266,0.43052,0.56413,0.38599,0.40083,0.53445,0.37114,0.35629,0.47506,0.31176,0.31176,0.43052,0.26722
2.12,closed-loop five-finger grasp,2.0766,0.34,False,0.29192,0.44556,0.33801,0.44556,0.58383,0.39945,0.41482,0.55311,0.3841,0.36873,0.49165,0.32264,0.32264,0.44556,0.27655
2.14,closed-loop five-finger grasp,2.1385,0.34,False,0.30181,0.46066,0.34946,0.46066,0.60362,0.41299,0.42888,0.57185,0.39712,0.38123,0.50831,0.33358,0.33358,0.46066,0.28592
2.16,closed-loop five-finger grasp,2.2005,0.34,False,0.31171,0.47579,0.36093,0.47579,0.62344,0.42655,0.44296,0.59063,0.41015,0.39374,0.52501,0.34453,0.34453,0.47579,0.29531
2.18,closed-loop five-finger grasp,2.2627,0.34,False,0.32166,0.49096,0.37245,0.49096,0.64333,0.44016,0.45709,0.60947,0.42323,0.40631,0.54175,0.35551,0.35551,0.49096,0.30473
2.2,closed-loop five-finger grasp,2.325,0.34,False,0.33162,0.50616,0.38398,0.50616,0.66325,0.4538,0.47125,0.62834,0.43634,0.41889,0.55853,0.36652,0.36652,0.50616,0.31417
2.22,closed-loop five-finger grasp,2.3873,0.34,False,0.34156,0.52133,0.3955,0.52133,0.68314,0.46741,0.48538,0.64718,0.44942,0.43146,0.57527,0.37752,0.37752,0.52133,0.32359
2.24,closed-loop five-finger grasp,2.4494,0.34,False,0.3515,0.53649,0.407,0.53649,0.703,0.48099,0.49949,0.666,0.46249,0.444,0.592,0.3885,0.3885,0.53649,0.333
2.26,closed-loop five-finger grasp,2.5114,0.34,False,0.36141,0.55162,0.41848,0.55162,0.72282,0.49455,0.51357,0.68477,0.47553,0.45652,0.60869,0.39945,0.39945,0.55162,0.34239
2.28,closed-loop five-finger grasp,2.5733,0.34,False,0.3713,0.56671,0.42993,0.56671,0.74259,0.50809,0.52763,0.70351,0.48855,0.46901,0.62535,0.41038,0.41038,0.56671,0.35175
2.3,closed-loop five-finger grasp,2.635,0.34,False,0.38116,0.58177,0.44135,0.58177,0.76232,0.52159,0.54165,0.7222,0.50153,0.48148,0.64196,0.42128,0.42128,0.58177,0.3611
2.32,closed-loop five-finger grasp,2.6966,0.34,False,0.39099,0.59679,0.45274,0.59679,0.782,0.53505,0.55563,0.74084,0.51447,0.4939,0.65853,0.43215,0.43215,0.59679,0.37043
2.34,closed-loop five-finger grasp,2.7578,0.34,False,0.40079,0.61174,0.46408,0.61174,0.80158,0.54845,0.56955,0.75939,0.52735,0.50627,0.67502,0.44298,0.44298,0.61174,0.3797
2.36,closed-loop five-finger grasp,2.8186,0.34,False,0.4105,0.62655,0.47531,0.62655,0.82099,0.56173,0.58333,0.77778,0.54013,0.51853,0.69136,0.4537,0.4537,0.62655,0.38889
2.38,closed-loop five-finger grasp,2.8791,0.34,False,0.42017,0.6413,0.4865,0.6413,0.84032,0.57495,0.59707,0.7961,0.55285,0.53074,0.70764,0.46439,0.46439,0.6413,0.39805
2.4,closed-loop five-finger grasp,2.9389,0.34,False,0.42972,0.65589,0.49757,0.65589,0.85944,0.58804,0.61066,0.81421,0.56543,0.54281,0.72373,0.47495,0.47495,0.65589,0.4071
2.42,closed-loop five-finger grasp,2.9985,0.34,False,0.43925,0.67044,0.5086,0.67044,0.87851,0.60108,0.6242,0.83227,0.57796,0.55484,0.73979,0.48548,0.48548,0.67044,0.41613
2.44,closed-loop five-finger grasp,3.0574,0.34,False,0.44865,0.68479,0.51949,0.68479,0.8973,0.61395,0.63756,0.85008,0.59033,0.56672,0.75562,0.49587,0.49587,0.68479,0.42504
2.46,closed-loop five-finger grasp,3.1161,0.34,False,0.45804,0.69911,0.53035,0.69911,0.91606,0.62678,0.65089,0.86786,0.60268,0.57857,0.77142,0.50624,0.50624,0.69911,0.43393
2.48,closed-loop five-finger grasp,3.1734,0.34,False,0.4672,0.7131,0.54096,0.7131,0.93439,0.63932,0.66392,0.88522,0.61474,0.59014,0.78686,0.51638,0.51638,0.7131,0.44261
2.5,closed-loop five-finger grasp,3.2307,0.34,False,0.47637,0.72709,0.55158,0.72709,0.95272,0.65186,0.67694,0.90258,0.6268,0.60172,0.80229,0.52651,0.52651,0.72709,0.45129
2.52,closed-loop five-finger grasp,3.2865,0.34,False,0.48529,0.74069,0.5619,0.74069,0.97055,0.66406,0.68961,0.91947,0.63853,0.61298,0.81731,0.53637,0.53637,0.74069,0.45974
2.54,closed-loop five-finger grasp,3.3424,0.34,False,0.4942,0.75429,0.57222,0.75429,0.98838,0.67626,0.70227,0.93636,0.65026,0.62424,0.83233,0.54622,0.54622,0.75429,0.46818
2.56,closed-loop five-finger grasp,3.3966,0.34,False,0.50287,0.76753,0.58226,0.76753,1.00574,0.68813,0.71461,0.9528,0.66167,0.6352,0.84694,0.55581,0.55581,0.76753,0.4764
2.58,closed-loop five-finger grasp,3.4508,0.34,False,0.51152,0.78074,0.59228,0.78074,1.02305,0.69998,0.72691,0.9692,0.67306,0.64613,0.86152,0.56537,0.56537,0.78074,0.4846
2.6,closed-loop five-finger grasp,3.5032,0.34,False,0.51989,0.79352,0.60198,0.79352,1.03979,0.71144,0.7388,0.98506,0.68407,0.65671,0.87561,0.57462,0.57462,0.79352,0.49253
2.62,closed-loop five-finger grasp,3.5552,0.34,False,0.52821,0.80621,0.61162,0.80621,1.05641,0.72281,0.75061,1.00081,0.69501,0.66721,0.88962,0.5838,0.5838,0.80621,0.50041
2.64,closed-loop five-finger grasp,3.6056,0.34,False,0.53626,0.81849,0.62094,0.81849,1.07251,0.73383,0.76205,1.01607,0.70561,0.67738,0.90318,0.5927,0.5927,0.81849,0.50803
2.66,closed-loop five-finger grasp,3.6554,0.34,False,0.54423,0.83065,0.63015,0.83065,1.08844,0.74473,0.77337,1.03116,0.71609,0.68743,0.91659,0.60151,0.60151,0.83065,0.51557
2.68,closed-loop five-finger grasp,3.7037,0.34,False,0.55195,0.84243,0.63909,0.84243,1.10388,0.75529,0.78434,1.04579,0.72625,0.69718,0.92958,0.61004,0.61004,0.84243,0.52289
2.7,closed-loop five-finger grasp,3.7512,0.34,False,0.55954,0.85403,0.64788,0.85403,1.11907,0.76568,0.79513,1.06018,0.73624,0.70678,0.94237,0.61843,0.61843,0.85403,0.53009
2.72,closed-loop five-finger grasp,3.7971,0.34,False,0.56688,0.86523,0.65638,0.86523,1.13374,0.77572,0.80555,1.07408,0.74589,0.71606,0.95473,0.62654,0.62654,0.86523,0.53704
2.74,closed-loop five-finger grasp,3.8419,0.34,False,0.57402,0.87616,0.66467,0.87616,1.14806,0.78551,0.81573,1.08763,0.7553,0.7251,0.96678,0.63445,0.63445,0.87616,0.54382
2.76,closed-loop five-finger grasp,3.8853,0.34,False,0.58095,0.88673,0.67269,0.88673,1.16192,0.79499,0.82557,1.10076,0.76441,0.73385,0.97845,0.64211,0.64211,0.88673,0.55039
2.78,closed-loop five-finger grasp,3.9272,0.34,False,0.58766,0.89695,0.68045,0.89695,1.17532,0.80416,0.83509,1.11346,0.77323,0.74231,0.98974,0.64952,0.64952,0.89695,0.55673
2.8,closed-loop five-finger grasp,3.9679,0.34,False,0.59416,0.90687,0.68798,0.90687,1.18832,0.81306,0.84433,1.12578,0.78178,0.75053,1.00069,0.65671,0.65671,0.90687,0.56289
2.82,closed-loop five-finger grasp,4.0068,0.34,False,0.60039,0.91637,0.69519,0.91637,1.20077,0.82158,0.85318,1.13757,0.78998,0.75839,1.01117,0.66359,0.66359,0.91637,0.56879
2.84,closed-loop five-finger grasp,4.0446,0.34,False,0.60643,0.92559,0.70219,0.92559,1.21285,0.82986,0.86177,1.14902,0.79794,0.76602,1.02135,0.67027,0.67027,0.92559,0.57452
2.86,closed-loop five-finger grasp,4.0802,0.34,False,0.61212,0.93427,0.70877,0.93427,1.22423,0.83763,0.86985,1.15979,0.80541,0.77319,1.03092,0.67655,0.67655,0.93427,0.5799
2.88,closed-loop five-finger grasp,4.1149,0.34,False,0.61766,0.94274,0.71518,0.94274,1.23532,0.84522,0.87773,1.1703,0.81271,0.78019,1.04026,0.68267,0.68267,0.94274,0.58515
2.9,closed-loop five-finger grasp,4.1469,0.34,False,0.62278,0.95057,0.72112,0.95057,1.24557,0.85223,0.88501,1.18001,0.81945,0.78667,1.0489,0.68834,0.68834,0.95057,0.59
2.92,closed-loop five-finger grasp,4.1784,0.34,False,0.62781,0.95825,0.72694,0.95825,1.25562,0.85912,0.89216,1.18954,0.82607,0.79303,1.05738,0.6939,0.6939,0.95825,0.59477
2.94,closed-loop five-finger grasp,4.2069,0.34,False,0.63236,0.96518,0.7322,0.96518,1.26471,0.86533,0.89861,1.19815,0.83205,0.79877,1.06502,0.69893,0.69893,0.96518,0.59907
2.96,closed-loop five-finger grasp,4.235,0.34,False,0.63685,0.97203,0.7374,0.97203,1.27369,0.87148,0.90499,1.20665,0.83795,0.80444,1.07258,0.70389,0.70389,0.97203,0.60333
2.98,closed-loop five-finger grasp,4.2594,0.34,False,0.64075,0.97799,0.74192,0.97799,1.2815,0.87682,0.91054,1.21405,0.84309,0.80937,1.07915,0.7082,0.7082,0.97799,0.60703
3.0,closed-loop five-finger grasp,4.2838,0.34,False,0.64465,0.98395,0.74644,0.98395,1.28931,0.88216,0.91609,1.22145,0.84823,0.8143,1.08573,0.71251,0.71251,0.98395,0.61073
3.02,closed-loop five-finger grasp,4.3041,0.34,False,0.64789,0.98889,0.75019,0.98889,1.29579,0.8866,0.92069,1.2276,0.8525,0.81839,1.09119,0.7161,0.7161,0.98889,0.6138
3.04,closed-loop five-finger grasp,4.3244,0.34,False,0.65113,0.99384,0.75394,0.99384,1.30227,0.89103,0.9253,1.23374,0.85677,0.82249,1.09665,0.71968,0.71968,0.99384,0.61687
3.06,closed-loop five-finger grasp,4.3407,0.34,False,0.65374,0.99782,0.75696,0.99782,1.30749,0.8946,0.929,1.23868,0.86019,0.82578,1.10104,0.72256,0.72256,0.99782,0.61934
3.08,closed-loop five-finger grasp,4.3567,0.34,False,0.65629,1.00172,0.75992,1.00172,1.31259,0.89809,0.93263,1.24352,0.86354,0.82901,1.10534,0.72538,0.72538,1.00172,0.62176
3.1,closed-loop five-finger grasp,4.3688,0.34,False,0.65823,1.00467,0.76216,1.00467,1.31646,0.90074,0.93538,1.24718,0.86609,0.83145,1.1086,0.72752,0.72752,1.00467,0.62359
3.12,closed-loop five-finger grasp,4.3801,0.34,False,0.66005,1.00743,0.76426,1.00743,1.32008,0.90322,0.93796,1.25061,0.86847,0.83375,1.11166,0.72952,0.72952,1.00743,0.62531
3.14,closed-loop five-finger grasp,4.3878,0.34,False,0.66129,1.00932,0.7657,1.00932,1.32256,0.90491,0.93972,1.25296,0.87011,0.83531,1.11374,0.73089,0.73089,1.00932,0.62648
3.16,closed-loop five-finger grasp,4.3944,0.34,False,0.66233,1.01092,0.76691,1.01092,1.32465,0.90634,0.94121,1.25494,0.87149,0.83662,1.1155,0.73204,0.73204,1.01092,0.62746
3.18,closed-loop five-finger grasp,4.3977,0.34,False,0.66286,1.01172,0.76752,1.01172,1.3257,0.90706,0.94196,1.25594,0.87218,0.83728,1.11638,0.73262,0.73262,1.01172,0.62796
3.2,closed-loop five-finger grasp,4.3993,0.34,False,0.66312,1.01212,0.76782,1.01212,1.32623,0.90742,0.94232,1.25643,0.87252,0.83762,1.11683,0.73292,0.73292,1.01212,0.62821
3.22,closed-loop five-finger grasp,4.4,0.34,False,0.66323,1.01229,0.76794,1.01229,1.32645,0.90757,0.94248,1.25664,0.87266,0.83776,1.11701,0.73304,0.73304,1.01229,0.62832
3.24,closed-loop five-finger grasp,4.4,0.34,False,0.66323,1.01229,0.76794,1.01229,1.32645,0.90757,0.94248,1.25664,0.87266,0.83776,1.11701,0.73304,0.73304,1.01229,0.62832
3.26,closed-loop five-finger grasp,4.4,0.34,False,0.66323,1.01229,0.76794,1.01229,1.32645,0.90757,0.94248,1.25664,0.87266,0.83776,1.11701,0.73304,0.73304,1.01229,0.62832
3.28,closed-loop five-finger grasp,4.4,0.34,False,0.66323,1.01229,0.76794,1.01229,1.32645,0.90757,0.94248,1.25664,0.87266,0.83776,1.11701,0.73304,0.73304,1.01229,0.62832
3.3,closed-loop five-finger grasp,4.4,0.34,False,0.66323,1.01229,0.76794,1.01229,1.32645,0.90757,0.94248,1.25664,0.87266,0.83776,1.11701,0.73304,0.73304,1.01229,0.62832
3.32,closed-loop five-finger grasp,4.4,0.34,False,0.66323,1.01229,0.76794,1.01229,1.32645,0.90757,0.94248,1.25664,0.87266,0.83776,1.11701,0.73304,0.73304,1.01229,0.62832
3.34,closed-loop five-finger grasp,4.4,0.34,False,0.66323,1.01229,0.76794,1.01229,1.32645,0.90757,0.94248,1.25664,0.87266,0.83776,1.11701,0.73304,0.73304,1.01229,0.62832
3.36,closed-loop five-finger grasp,4.4,0.34,False,0.66323,1.01229,0.76794,1.01229,1.32645,0.90757,0.94248,1.25664,0.87266,0.83776,1.11701,0.73304,0.73304,1.01229,0.62832
3.38,closed-loop five-finger grasp,4.4,0.34,False,0.66323,1.01229,0.76794,1.01229,1.32645,0.90757,0.94248,1.25664,0.87266,0.83776,1.11701,0.73304,0.73304,1.01229,0.62832
3.4,closed-loop five-finger grasp,4.4,0.34,False,0.66323,1.01229,0.76794,1.01229,1.32645,0.90757,0.94248,1.25664,0.87266,0.83776,1.11701,0.73304,0.73304,1.01229,0.62832
3.42,closed-loop five-finger grasp,4.4,0.34,False,0.66323,1.01229,0.76794,1.01229,1.32645,0.90757,0.94248,1.25664,0.87266,0.83776,1.11701,0.73304,0.73304,1.01229,0.62832
3.44,closed-loop five-finger grasp,4.4,0.34,False,0.66323,1.01229,0.76794,1.01229,1.32645,0.90757,0.94248,1.25664,0.87266,0.83776,1.11701,0.73304,0.73304,1.01229,0.62832
3.46,closed-loop five-finger grasp,4.4,0.34,False,0.66323,1.01229,0.76794,1.01229,1.32645,0.90757,0.94248,1.25664,0.87266,0.83776,1.11701,0.73304,0.73304,1.01229,0.62832
3.48,closed-loop five-finger grasp,4.4,0.34,False,0.66323,1.01229,0.76794,1.01229,1.32645,0.90757,0.94248,1.25664,0.87266,0.83776,1.11701,0.73304,0.73304,1.01229,0.62832
3.5,closed-loop five-finger grasp,4.4,0.34,False,0.66323,1.01229,0.76794,1.01229,1.32645,0.90757,0.94248,1.25664,0.87266,0.83776,1.11701,0.73304,0.73304,1.01229,0.62832
3.52,cap rotation + tactile feedback,4.4,0.34,False,0.66323,1.01229,0.76794,1.01229,1.32645,0.90757,0.94248,1.25664,0.87266,0.83776,1.11701,0.73304,0.73304,1.01229,0.62832
3.54,cap rotation + tactile feedback,4.4,0.34,False,0.66323,1.01229,0.76794,1.01229,1.32645,0.90757,0.94248,1.25664,0.87266,0.83776,1.11701,0.73304,0.73304,1.01229,0.62832
3.56,cap rotation + tactile feedback,4.4,0.34,False,0.66323,1.01229,0.76794,1.01229,1.32645,0.90757,0.94248,1.25664,0.87266,0.83776,1.11701,0.73304,0.73304,1.01229,0.62832
3.58,cap rotation + tactile feedback,4.4,0.34,False,0.66323,1.01229,0.76794,1.01229,1.32645,0.90757,0.94248,1.25664,0.87266,0.83776,1.11701,0.73304,0.73304,1.01229,0.62832
3.6,cap rotation + tactile feedback,4.4,0.34,False,0.66323,1.01229,0.76794,1.01229,1.32645,0.90757,0.94248,1.25664,0.87266,0.83776,1.11701,0.73304,0.73304,1.01229,0.62832
3.62,cap rotation + tactile feedback,4.4,0.34,False,0.66324,1.01229,0.76794,1.01229,1.32645,0.90757,0.94248,1.25664,0.87266,0.83776,1.11701,0.73304,0.73304,1.01229,0.62832
3.64,cap rotation + tactile feedback,4.4,0.34,False,0.66327,1.01231,0.76794,1.01228,1.32645,0.90757,0.94248,1.25664,0.87266,0.83776,1.11701,0.73304,0.73304,1.01229,0.62832
3.66,cap rotation + tactile feedback,4.4,0.34,False,0.6633,1.01233,0.76794,1.01226,1.32645,0.90757,0.94249,1.25664,0.87266,0.83776,1.11701,0.73304,0.73304,1.01229,0.62832
3.68,cap rotation + tactile feedback,4.4,0.34,False,0.66337,1.01237,0.76794,1.01223,1.32645,0.90757,0.94251,1.25664,0.87266,0.83776,1.11701,0.73304,0.73304,1.01229,0.62832
3.7,cap rotation + tactile feedback,4.4,0.34,False,0.66347,1.01241,0.76794,1.01219,1.32645,0.90757,0.94254,1.25664,0.87266,0.83776,1.11701,0.73304,0.73304,1.01229,0.62832
3.72,cap rotation + tactile feedback,4.4,0.34,False,0.66359,1.01247,0.76794,1.01214,1.32645,0.90757,0.94257,1.25664,0.87266,0.83776,1.11701,0.73304,0.73304,1.01229,0.62832
3.74,cap rotation + tactile feedback,4.4,0.34,False,0.66373,1.01255,0.76794,1.01209,1.32645,0.90757,0.9426,1.25664,0.87266,0.83776,1.11701,0.73304,0.73304,1.01229,0.62832
3.76,cap rotation + tactile feedback,4.4,0.34,False,0.66389,1.01263,0.76794,1.01203,1.32645,0.90757,0.94264,1.25664,0.87266,0.83776,1.11701,0.73304,0.73304,1.01229,0.62832
3.78,cap rotation + tactile feedback,4.4,0.34,False,0.66406,1.01271,0.76794,1.01195,1.32645,0.90757,0.94269,1.25664,0.87266,0.83776,1.11701,0.73304,0.73304,1.01229,0.62832
3.8,cap rotation + tactile feedback,4.4,0.34,False,0.66424,1.0128,0.76794,1.01188,1.32645,0.90757,0.94274,1.25664,0.87266,0.83776,1.11701,0.73304,0.73304,1.01229,0.62832
3.82,cap rotation + tactile feedback,4.4,0.34,False,0.66443,1.01289,0.76794,1.01181,1.32645,0.90757,0.94278,1.25664,0.87266,0.83776,1.11701,0.73304,0.73304,1.01229,0.62832
3.84,cap rotation + tactile feedback,4.4,0.34,False,0.6646,1.01298,0.76794,1.01174,1.32645,0.90757,0.94282,1.25664,0.87266,0.83776,1.11701,0.73304,0.73304,1.01229,0.62832
3.86,cap rotation + tactile feedback,4.4,0.34,False,0.66475,1.01305,0.76794,1.01168,1.32645,0.90757,0.94287,1.25664,0.87266,0.83776,1.11701,0.73304,0.73304,1.01229,0.62832
3.88,cap rotation + tactile feedback,4.4,0.34,False,0.66488,1.01312,0.76794,1.01162,1.32645,0.90757,0.9429,1.25664,0.87266,0.83776,1.11701,0.73304,0.73304,1.01229,0.62832
3.9,cap rotation + tactile feedback,4.4,0.34,False,0.66496,1.01315,0.76794,1.0116,1.32645,0.90757,0.94292,1.25664,0.87266,0.83776,1.11701,0.73304,0.73304,1.01229,0.62832
3.92,cap rotation + tactile feedback,4.4,0.34,False,0.66501,1.01318,0.76794,1.01158,1.32645,0.90757,0.94293,1.25664,0.87266,0.83776,1.11701,0.73304,0.73304,1.01229,0.62832
3.94,cap rotation + tactile feedback,4.4,0.34,False,0.66495,1.01315,0.76794,1.01159,1.32645,0.90757,0.94291,1.25664,0.87266,0.83776,1.11701,0.73304,0.73304,1.01229,0.62832
3.96,cap rotation + tactile feedback,4.4,0.34,False,0.66488,1.01312,0.76794,1.01162,1.32645,0.90757,0.94289,1.25664,0.87266,0.83776,1.11701,0.73304,0.73304,1.01229,0.62832
3.98,cap rotation + tactile feedback,4.4,0.34,False,0.66466,1.01301,0.76794,1.01171,1.32645,0.90757,0.94284,1.25664,0.87266,0.83776,1.11701,0.73304,0.73304,1.01229,0.62832
4.0,cap rotation + tactile feedback,4.4,0.34,False,0.66445,1.0129,0.76794,1.0118,1.32645,0.90757,0.94279,1.25664,0.87266,0.83776,1.11701,0.73304,0.73304,1.01229,0.62832
4.02,cap rotation + tactile feedback,4.4,0.34,False,0.66405,1.0127,0.76794,1.01196,1.32645,0.90757,0.94268,1.25664,0.87266,0.83776,1.11701,0.73304,0.73304,1.01229,0.62832
4.04,cap rotation + tactile feedback,4.4,0.34,False,0.66364,1.0125,0.76794,1.01212,1.32645,0.90757,0.94257,1.25664,0.87266,0.83776,1.11701,0.73304,0.73304,1.01229,0.62832
4.06,cap rotation + tactile feedback,4.4,0.34,False,0.66305,1.0122,0.76794,1.01236,1.32645,0.90757,0.94243,1.25664,0.87266,0.83776,1.11701,0.73304,0.73304,1.01229,0.62832
4.08,cap rotation + tactile feedback,4.4,0.34,False,0.66244,1.01189,0.76794,1.0126,1.32645,0.90757,0.94228,1.25664,0.87266,0.83776,1.11701,0.73304,0.73304,1.01229,0.62832
4.1,cap rotation + tactile feedback,4.4,0.34,False,0.66167,1.01151,0.76794,1.01291,1.32645,0.90757,0.94208,1.25664,0.87266,0.83776,1.11701,0.73304,0.73304,1.01229,0.62832
4.12,cap rotation + tactile feedback,4.4,0.34,False,0.66088,1.01112,0.76794,1.01324,1.32645,0.90757,0.94188,1.25664,0.87266,0.83776,1.11701,0.73304,0.73304,1.01229,0.62832
4.14,cap rotation + tactile feedback,4.4,0.34,False,0.65996,1.01066,0.76794,1.0136,1.32645,0.90757,0.94166,1.25664,0.87266,0.83776,1.11701,0.73304,0.73304,1.01229,0.62832
4.16,cap rotation + tactile feedback,4.4,0.34,False,0.65901,1.01018,0.76794,1.01398,1.32645,0.90757,0.94142,1.25664,0.87266,0.83776,1.11701,0.73304,0.73304,1.01229,0.62832
4.18,cap rotation + tactile feedback,4.4,0.34,False,0.658,1.00968,0.76794,1.01439,1.32645,0.90757,0.94117,1.25664,0.87266,0.83776,1.11701,0.73304,0.73304,1.01229,0.62832
4.2,cap rotation + tactile feedback,4.4,0.34,False,0.65695,1.00916,0.76794,1.0148,1.32645,0.90757,0.94091,1.25664,0.87266,0.83776,1.11701,0.73304,0.73304,1.01229,0.62832
4.22,cap rotation + tactile feedback,4.4,0.34,False,0.65591,1.00863,0.76794,1.01522,1.32645,0.90757,0.94065,1.25664,0.87266,0.83776,1.11701,0.73304,0.73304,1.01229,0.62832
4.24,cap rotation + tactile feedback,4.4,0.34,False,0.65485,1.0081,0.76794,1.01564,1.32645,0.90757,0.94039,1.25664,0.87266,0.83776,1.11701,0.73304,0.73304,1.01229,0.62832
4.26,cap rotation + tactile feedback,4.4,0.34,False,0.65384,1.0076,0.76794,1.01604,1.32645,0.90757,0.94014,1.25664,0.87266,0.83776,1.11701,0.73304,0.73304,1.01229,0.62832
4.28,cap rotation + tactile feedback,4.4,0.34,False,0.65288,1.00712,0.76794,1.01643,1.32645,0.90757,0.9399,1.25664,0.87266,0.83776,1.11701,0.73304,0.73304,1.01229,0.62832
4.3,cap rotation + tactile feedback,4.4,0.34,False,0.652,1.00669,0.76794,1.01678,1.32645,0.90757,0.93967,1.25664,0.87266,0.83776,1.11701,0.73304,0.73304,1.01229,0.62832
4.32,cap rotation + tactile feedback,4.4,0.34,False,0.65124,1.0063,0.76794,1.01708,1.32645,0.90757,0.93948,1.25664,0.87266,0.83776,1.11701,0.73304,0.73304,1.01229,0.62832
4.34,cap rotation + tactile feedback,4.4,0.34,False,0.65057,1.00597,0.76794,1.01734,1.32645,0.90757,0.93931,1.25664,0.87266,0.83776,1.11701,0.73304,0.73304,1.01229,0.62832
4.36,cap rotation + tactile feedback,4.4,0.34,False,0.65011,1.00574,0.76794,1.01753,1.32645,0.90757,0.9392,1.25664,0.87266,0.83776,1.11701,0.73304,0.73304,1.01229,0.62832
4.38,cap rotation + tactile feedback,4.4,0.34,False,0.64976,1.00556,0.76794,1.01767,1.32645,0.90757,0.93911,1.25664,0.87266,0.83776,1.11701,0.73304,0.73304,1.01229,0.62832
4.4,cap rotation + tactile feedback,4.4,0.34,False,0.64971,1.00553,0.76794,1.0177,1.32645,0.90757,0.9391,1.25664,0.87266,0.83776,1.11701,0.73304,0.73304,1.01229,0.62832
4.42,cap rotation + tactile feedback,4.4,0.34,False,0.64973,1.00554,0.76794,1.01769,1.32645,0.90757,0.93911,1.25664,0.87266,0.83776,1.11701,0.73304,0.73304,1.01229,0.62832
4.44,cap rotation + tactile feedback,4.4,0.34,False,0.65016,1.00576,0.76794,1.01752,1.32645,0.90757,0.93921,1.25664,0.87266,0.83776,1.11701,0.73304,0.73304,1.01229,0.62832
4.46,cap rotation + tactile feedback,4.4,0.34,False,0.65064,1.006,0.76794,1.01734,1.32645,0.90757,0.93932,1.25664,0.87266,0.83776,1.11701,0.73304,0.73304,1.01229,0.62832
4.48,cap rotation + tactile feedback,4.4,0.34,False,0.65159,1.00647,0.76794,1.01695,1.32645,0.90757,0.93956,1.25664,0.87266,0.83776,1.11701,0.73304,0.73304,1.01229,0.62832
4.5,cap rotation + tactile feedback,4.4,0.34,False,0.65254,1.00695,0.76794,1.01657,1.32645,0.90757,0.93981,1.25664,0.87266,0.83776,1.11701,0.73304,0.73304,1.01229,0.62832
4.52,cap rotation + tactile feedback,4.4,0.34,False,0.65405,1.0077,0.76794,1.01596,1.32645,0.90757,0.94018,1.25664,0.87266,0.83776,1.11701,0.73304,0.73304,1.01229,0.62832
4.54,cap rotation + tactile feedback,4.4,0.34,False,0.65556,1.00846,0.76794,1.01536,1.32645,0.90757,0.94056,1.25664,0.87266,0.83776,1.11701,0.73304,0.73304,1.01229,0.62832
4.56,cap rotation + tactile feedback,4.4,0.34,False,0.65754,1.00945,0.76794,1.01457,1.32645,0.90757,0.94105,1.25664,0.87266,0.83776,1.11701,0.73304,0.73304,1.01229,0.62832
4.58,cap rotation + tactile feedback,4.4,0.34,False,0.65956,1.01047,0.76794,1.01375,1.32645,0.90757,0.94156,1.25664,0.87266,0.83776,1.11701,0.73304,0.73304,1.01229,0.62832
4.6,cap rotation + tactile feedback,4.4,0.34,False,0.66195,1.01166,0.76794,1.0128,1.32645,0.90757,0.94216,1.25664,0.87266,0.83776,1.11701,0.73304,0.73304,1.01229,0.62832
4.62,cap rotation + tactile feedback,4.4,0.34,False,0.66441,1.01289,0.76794,1.01182,1.32645,0.90757,0.94278,1.25664,0.87266,0.83776,1.11701,0.73304,0.73304,1.01229,0.62832
4.64,cap rotation + tactile feedback,4.4,0.34,False,0.66711,1.01424,0.76794,1.01074,1.32645,0.90757,0.94345,1.25664,0.87266,0.83776,1.11701,0.73304,0.73304,1.01229,0.62832
4.66,cap rotation + tactile feedback,4.4,0.34,False,0.6699,1.01563,0.76794,1.00963,1.32645,0.90757,0.94415,1.25664,0.87266,0.83776,1.11701,0.73304,0.73304,1.01229,0.62832
4.68,cap rotation + tactile feedback,4.4,0.34,False,0.6728,1.01708,0.76794,1.00847,1.32645,0.90757,0.94487,1.25664,0.87266,0.83776,1.11701,0.73304,0.73304,1.01229,0.62832
4.7,cap rotation + tactile feedback,4.4,0.34,False,0.67575,1.01855,0.76794,1.00728,1.32645,0.90757,0.94561,1.25664,0.87266,0.83776,1.11701,0.73304,0.73304,1.01229,0.62832
4.72,cap rotation + tactile feedback,4.4,0.34,False,0.67869,1.02002,0.76794,1.00611,1.32645,0.90757,0.94634,1.25664,0.87266,0.83776,1.11701,0.73304,0.73304,1.01229,0.62832
4.74,cap rotation + tactile feedback,4.4,0.34,False,0.68161,1.02149,0.76794,1.00494,1.32645,0.90757,0.94707,1.25664,0.87266,0.83776,1.11701,0.73304,0.73304,1.01229,0.62832
4.76,cap rotation + tactile feedback,4.4,0.34,False,0.68442,1.02289,0.76794,1.00381,1.32645,0.90757,0.94777,1.25664,0.87266,0.83776,1.11701,0.73304,0.73304,1.01229,0.62832
4.78,cap rotation + tactile feedback,4.4,0.34,False,0.68711,1.02423,0.76794,1.00274,1.32645,0.90757,0.94845,1.25664,0.87266,0.83776,1.11701,0.73304,0.73304,1.01229,0.62832
4.8,cap rotation + tactile feedback,4.4,0.34,False,0.68962,1.02548,0.76794,1.00174,1.32645,0.90757,0.94908,1.25664,0.87266,0.83776,1.11701,0.73304,0.73304,1.01229,0.62832
4.82,cap rotation + tactile feedback,4.4,0.34,False,0.69186,1.02661,0.76794,1.00085,1.32645,0.90757,0.94963,1.25664,0.87266,0.83776,1.11701,0.73304,0.73304,1.01229,0.62832
4.84,cap rotation + tactile feedback,4.4,0.34,False,0.69388,1.02762,0.76794,1.00004,1.32645,0.90757,0.95013,1.25664,0.87266,0.83776,1.11701,0.73304,0.73304,1.01229,0.62832
4.86,cap rotation + tactile feedback,4.4,0.34,False,0.69546,1.0284,0.76794,0.9994,1.32645,0.90757,0.95054,1.25664,0.87266,0.83776,1.11701,0.73304,0.73304,1.01229,0.62832
4.88,cap rotation + tactile feedback,4.4,0.34,False,0.69683,1.02909,0.76794,0.99885,1.32645,0.90757,0.95088,1.25664,0.87266,0.83776,1.11701,0.73304,0.73304,1.01229,0.62832
4.9,cap rotation + tactile feedback,4.4,0.34,False,0.69757,1.02946,0.76794,0.99856,1.32645,0.90757,0.95107,1.25664,0.87266,0.83776,1.11701,0.73304,0.73304,1.01229,0.62832
4.92,cap rotation + tactile feedback,4.4,0.34,False,0.69815,1.02976,0.76794,0.99833,1.32645,0.90757,0.95121,1.25664,0.87266,0.83776,1.11701,0.73304,0.73304,1.01229,0.62832
4.94,cap rotation + tactile feedback,4.4,0.34,False,0.69791,1.02963,0.76794,0.99842,1.32645,0.90757,0.95115,1.25664,0.87266,0.83776,1.11701,0.73304,0.73304,1.01229,0.62832
4.96,cap rotation + tactile feedback,4.4,0.34,False,0.69758,1.02946,0.76794,0.99855,1.32645,0.90757,0.95107,1.25664,0.87266,0.83776,1.11701,0.73304,0.73304,1.01229,0.62832
4.98,cap rotation + tactile feedback,4.4,0.34,False,0.69628,1.02881,0.76794,0.99907,1.32645,0.90757,0.95075,1.25664,0.87266,0.83776,1.11701,0.73304,0.73304,1.01229,0.62832
5.0,cap rotation + tactile feedback,4.4,0.34,False,0.69497,1.02816,0.76794,0.99958,1.32645,0.90757,0.95042,1.25664,0.87266,0.83776,1.11701,0.73304,0.73304,1.01229,0.62832
5.02,cap rotation + tactile feedback,4.4,0.34,False,0.69258,1.02696,0.76794,1.00055,1.32645,0.90757,0.94982,1.25664,0.87266,0.83776,1.11701,0.73304,0.73304,1.01229,0.62832
5.04,cap rotation + tactile feedback,4.4,0.34,False,0.69018,1.02576,0.76794,1.00151,1.32645,0.90757,0.94921,1.25664,0.87266,0.83776,1.11701,0.73304,0.73304,1.01229,0.62832
5.06,cap rotation + tactile feedback,4.4,0.34,False,0.68683,1.02409,0.76794,1.00285,1.32645,0.90757,0.94838,1.25664,0.87266,0.83776,1.11701,0.73304,0.73304,1.01229,0.62832
5.08,cap rotation + tactile feedback,4.4,0.34,False,0.68339,1.02237,0.76794,1.00423,1.32645,0.90757,0.94752,1.25664,0.87266,0.83776,1.11701,0.73304,0.73304,1.01229,0.62832
5.1,cap rotation + tactile feedback,4.4,0.34,False,0.6792,1.02027,0.76794,1.0059,1.32645,0.90757,0.94647,1.25664,0.87266,0.83776,1.11701,0.73304,0.73304,1.01229,0.62832
5.12,cap rotation + tactile feedback,4.4,0.34,False,0.67485,1.0181,0.76794,1.00763,1.32645,0.90757,0.94539,1.25664,0.87266,0.83776,1.11701,0.73304,0.73304,1.01229,0.62832
5.14,cap rotation + tactile feedback,4.4,0.34,False,0.66997,1.01567,0.76794,1.00959,1.32645,0.90757,0.94417,1.25664,0.87266,0.83776,1.11701,0.73304,0.73304,1.01229,0.62832
5.16,cap rotation + tactile feedback,4.4,0.34,False,0.66492,1.01314,0.76794,1.01161,1.32645,0.90757,0.9429,1.25664,0.87266,0.83776,1.11701,0.73304,0.73304,1.01229,0.62832
5.18,cap rotation + tactile feedback,4.4,0.34,False,0.65955,1.01046,0.76794,1.01376,1.32645,0.90757,0.94156,1.25664,0.87266,0.83776,1.11701,0.73304,0.73304,1.01229,0.62832
5.2,cap rotation + tactile feedback,4.4,0.34,False,0.65403,1.00769,0.76794,1.01597,1.32645,0.90757,0.94019,1.25664,0.87266,0.83776,1.11701,0.73304,0.73304,1.01229,0.62832
5.22,cap rotation + tactile feedback,4.4,0.34,False,0.64844,1.0049,0.76794,1.0182,1.32645,0.90757,0.93879,1.25664,0.87266,0.83776,1.11701,0.73304,0.73304,1.01229,0.62832
5.24,cap rotation + tactile feedback,4.4,0.34,False,0.6428,1.00208,0.76794,1.02046,1.32645,0.90757,0.93737,1.25664,0.87266,0.83776,1.11701,0.73304,0.73304,1.01229,0.62832
5.26,cap rotation + tactile feedback,4.4,0.34,False,0.63726,0.99931,0.76794,1.02268,1.32645,0.90757,0.93599,1.25664,0.87266,0.83776,1.11701,0.73304,0.73304,1.01229,0.62832
5.28,cap rotation + tactile feedback,4.4,0.34,False,0.63182,0.99659,0.76794,1.02486,1.32645,0.90757,0.93463,1.25664,0.87266,0.83776,1.11701,0.73304,0.73304,1.01229,0.62832
5.3,cap rotation + tactile feedback,4.4,0.34,False,0.62661,0.99398,0.76794,1.02694,1.32645,0.90757,0.93333,1.25664,0.87266,0.83776,1.11701,0.73304,0.73304,1.01229,0.62832
5.32,cap rotation + tactile feedback,4.4,0.34,False,0.62172,0.99154,0.76794,1.0289,1.32645,0.90757,0.9321,1.25664,0.87266,0.83776,1.11701,0.73304,0.73304,1.01229,0.62832
5.34,cap rotation + tactile feedback,4.4,0.34,False,0.61715,0.98925,0.76794,1.03073,1.32645,0.90757,0.93096,1.25664,0.87266,0.83776,1.11701,0.73304,0.73304,1.01229,0.62832
5.36,cap rotation + tactile feedback,4.4,0.34,False,0.61319,0.98727,0.76794,1.03231,1.32645,0.90757,0.92997,1.25664,0.87266,0.83776,1.11701,0.73304,0.73304,1.01229,0.62832
5.38,cap rotation + tactile feedback,4.4,0.34,False,0.60954,0.98544,0.76794,1.03377,1.32645,0.90757,0.92906,1.25664,0.87266,0.83776,1.11701,0.73304,0.73304,1.01229,0.62832
5.4,cap rotation + tactile feedback,4.4,0.34,False,0.60681,0.98407,0.76794,1.03486,1.32645,0.90757,0.92837,1.25664,0.87266,0.83776,1.11701,0.73304,0.73304,1.01229,0.62832
5.42,cap rotation + tactile feedback,4.4,0.34,False,0.60432,0.98283,0.76794,1.03585,1.32645,0.90757,0.92775,1.25664,0.87266,0.83776,1.11701,0.73304,0.73304,1.01229,0.62832
5.44,cap rotation + tactile feedback,4.4,0.34,False,0.60306,0.98221,0.76794,1.03635,1.32645,0.90757,0.92744,1.25664,0.87266,0.83776,1.11701,0.73304,0.73304,1.01229,0.62832
5.46,cap rotation + tactile feedback,4.4,0.34,False,0.60195,0.98166,0.76794,1.0368,1.32645,0.90757,0.92716,1.25664,0.87266,0.83776,1.11701,0.73304,0.73304,1.01229,0.62832
5.48,cap rotation + tactile feedback,4.4,0.34,False,0.60236,0.98186,0.76794,1.03663,1.32645,0.90757,0.92726,1.25664,0.87266,0.83776,1.11701,0.73304,0.73304,1.01229,0.62832
5.5,cap rotation + tactile feedback,4.4,0.34,False,0.60277,0.98206,0.76794,1.03646,1.32645,0.90757,0.92736,1.25664,0.87266,0.83776,1.11701,0.73304,0.73304,1.01229,0.62832
5.52,cap rotation + tactile feedback,4.4,0.34,False,0.60493,0.98314,0.76794,1.0356,1.32645,0.90757,0.92791,1.25664,0.87266,0.83776,1.11701,0.73304,0.73304,1.01229,0.62832
5.54,cap rotation + tactile feedback,4.4,0.34,False,0.60709,0.98422,0.76794,1.03474,1.32645,0.90757,0.92845,1.25664,0.87266,0.83776,1.11701,0.73304,0.73304,1.01229,0.62832
5.56,cap rotation + tactile feedback,4.4,0.34,False,0.61083,0.98609,0.76794,1.03325,1.32645,0.90757,0.92939,1.25664,0.87266,0.83776,1.11701,0.73304,0.73304,1.01229,0.62832
5.58,cap rotation + tactile feedback,4.4,0.34,False,0.61473,0.98804,0.76794,1.03169,1.32645,0.90757,0.93036,1.25664,0.87266,0.83776,1.11701,0.73304,0.73304,1.01229,0.62832
5.6,cap rotation + tactile feedback,4.4,0.34,False,0.61995,0.99065,0.76794,1.02961,1.32645,0.90757,0.93166,1.25664,0.87266,0.83776,1.11701,0.73304,0.73304,1.01229,0.62832
5.62,cap rotation + tactile feedback,4.4,0.34,False,0.62543,0.99339,0.76794,1.02741,1.32645,0.90757,0.93303,1.25664,0.87266,0.83776,1.11701,0.73304,0.73304,1.01229,0.62832
5.64,cap rotation + tactile feedback,4.4,0.34,False,0.63192,0.99664,0.76794,1.02481,1.32645,0.90757,0.93465,1.25664,0.87266,0.83776,1.11701,0.73304,0.73304,1.01229,0.62832
5.66,cap rotation + tactile feedback,4.4,0.34,False,0.63875,1.00006,0.76794,1.02207,1.32645,0.90757,0.93636,1.25664,0.87266,0.83776,1.11701,0.73304,0.73304,1.01229,0.62832
5.68,cap rotation + tactile feedback,4.4,0.34,False,0.64628,1.00383,0.76794,1.01906,1.32645,0.90757,0.93824,1.25664,0.87266,0.83776,1.11701,0.73304,0.73304,1.01229,0.62832
5.7,cap rotation + tactile feedback,4.4,0.34,False,0.65416,1.00776,0.76794,1.01592,1.32645,0.90757,0.94021,1.25664,0.87266,0.83776,1.11701,0.73304,0.73304,1.01229,0.62832
5.72,cap rotation + tactile feedback,4.4,0.34,False,0.66239,1.01187,0.76794,1.01263,1.32645,0.90757,0.94227,1.25664,0.87266,0.83776,1.11701,0.73304,0.73304,1.01229,0.62832
5.74,cap rotation + tactile feedback,4.4,0.34,False,0.67086,1.01611,0.76794,1.00924,1.32645,0.90757,0.94439,1.25664,0.87266,0.83776,1.11701,0.73304,0.73304,1.01229,0.62832
5.76,cap rotation + tactile feedback,4.4,0.34,False,0.67939,1.02037,0.76794,1.00583,1.32645,0.90757,0.94652,1.25664,0.87266,0.83776,1.11701,0.73304,0.73304,1.01229,0.62832
5.78,cap rotation + tactile feedback,4.4,0.34,False,0.68798,1.02467,0.76794,1.0024,1.32645,0.90757,0.94867,1.25664,0.87266,0.83776,1.11701,0.73304,0.73304,1.01229,0.62832
5.8,cap rotation + tactile feedback,4.4,0.34,False,0.69642,1.02889,0.76794,0.99902,1.32645,0.90757,0.95078,1.25664,0.87266,0.83776,1.11701,0.73304,0.73304,1.01229,0.62832
5.82,cap rotation + tactile feedback,4.4,0.34,False,0.70466,1.03301,0.76794,0.99572,1.32645,0.90757,0.95284,1.25664,0.87266,0.83776,1.11701,0.73304,0.73304,1.01229,0.62832
5.84,cap rotation + tactile feedback,4.4,0.34,False,0.71259,1.03697,0.76794,0.99255,1.32645,0.90757,0.95482,1.25664,0.87266,0.83776,1.11701,0.73304,0.73304,1.01229,0.62832
5.86,cap rotation + tactile feedback,4.4,0.34,False,0.71991,1.04063,0.76794,0.98962,1.32645,0.90757,0.95665,1.25664,0.87266,0.83776,1.11701,0.73304,0.73304,1.01229,0.62832
5.88,cap rotation + tactile feedback,4.4,0.34,False,0.72688,1.04412,0.76794,0.98683,1.32645,0.90757,0.9584,1.25664,0.87266,0.83776,1.11701,0.73304,0.73304,1.01229,0.62832
5.9,cap rotation + tactile feedback,4.4,0.34,False,0.73283,1.0471,0.76794,0.98445,1.32645,0.90757,0.95988,1.25664,0.87266,0.83776,1.11701,0.73304,0.73304,1.01229,0.62832
5.92,cap rotation + tactile feedback,4.4,0.34,False,0.73849,1.04993,0.76794,0.98219,1.32645,0.90757,0.96129,1.25664,0.87266,0.83776,1.11701,0.73304,0.73304,1.01229,0.62832
5.94,cap rotation + tactile feedback,4.4,0.34,False,0.74267,1.05201,0.76794,0.98052,1.32645,0.90757,0.96234,1.25664,0.87266,0.83776,1.11701,0.73304,0.73304,1.01229,0.62832
5.96,cap rotation + tactile feedback,4.4,0.34,False,0.74667,1.054,0.76794,0.97892,1.32645,0.90757,0.96334,1.25664,0.87266,0.83776,1.11701,0.73304,0.73304,1.01229,0.62832
5.98,cap rotation + tactile feedback,4.4,0.34,False,0.74871,1.05503,0.76794,0.9781,1.32645,0.90757,0.96385,1.25664,0.87266,0.83776,1.11701,0.73304,0.73304,1.01229,0.62832
6.0,cap rotation + tactile feedback,4.4,0.34,False,0.75075,1.05605,0.76794,0.97728,1.32645,0.90757,0.96436,1.25664,0.87266,0.83776,1.11701,0.73304,0.73304,1.01229,0.62832
6.02,cap rotation + tactile feedback,4.4,0.34,False,0.75046,1.0559,0.76794,0.9774,1.32645,0.90757,0.96429,1.25664,0.87266,0.83776,1.11701,0.73304,0.73304,1.01229,0.62832
6.04,cap rotation + tactile feedback,4.4,0.34,False,0.75017,1.05576,0.76794,0.97751,1.32645,0.90757,0.96421,1.25664,0.87266,0.83776,1.11701,0.73304,0.73304,1.01229,0.62832
6.06,cap rotation + tactile feedback,4.4,0.34,False,0.74766,1.05451,0.76794,0.97851,1.32645,0.90757,0.96359,1.25664,0.87266,0.83776,1.11701,0.73304,0.73304,1.01229,0.62832
6.08,cap rotation + tactile feedback,4.4,0.34,False,0.74495,1.05316,0.76794,0.9796,1.32645,0.90757,0.96291,1.25664,0.87266,0.83776,1.11701,0.73304,0.73304,1.01229,0.62832
6.1,cap rotation + tactile feedback,4.4,0.34,False,0.74028,1.05083,0.76794,0.98147,1.32645,0.90757,0.96174,1.25664,0.87266,0.83776,1.11701,0.73304,0.73304,1.01229,0.62832
6.12,cap rotation + tactile feedback,4.4,0.34,False,0.73523,1.0483,0.76794,0.98349,1.32645,0.90757,0.96047,1.25664,0.87266,0.83776,1.11701,0.73304,0.73304,1.01229,0.62832
6.14,cap rotation + tactile feedback,4.4,0.34,False,0.72856,1.04496,0.76794,0.98616,1.32645,0.90757,0.95881,1.25664,0.87266,0.83776,1.11701,0.73304,0.73304,1.01229,0.62832
6.16,cap rotation + tactile feedback,4.4,0.34,False,0.72137,1.04136,0.76794,0.98904,1.32645,0.90757,0.95701,1.25664,0.87266,0.83776,1.11701,0.73304,0.73304,1.01229,0.62832
6.18,cap rotation + tactile feedback,4.4,0.34,False,0.71295,1.03714,0.76794,0.9924,1.32645,0.90757,0.9549,1.25664,0.87266,0.83776,1.11701,0.73304,0.73304,1.01229,0.62832
6.2,cap rotation + tactile feedback,4.4,0.34,False,0.70392,1.03263,0.76794,0.99601,1.32645,0.90757,0.95265,1.25664,0.87266,0.83776,1.11701,0.73304,0.73304,1.01229,0.62832
6.22,cap rotation + tactile feedback,4.4,0.34,False,0.69412,1.02773,0.76794,0.99993,1.32645,0.90757,0.9502,1.25664,0.87266,0.83776,1.11701,0.73304,0.73304,1.01229,0.62832
6.24,cap rotation + tactile feedback,4.4,0.34,False,0.68377,1.02256,0.76794,1.00408,1.32645,0.90757,0.94761,1.25664,0.87266,0.83776,1.11701,0.73304,0.73304,1.01229,0.62832
6.26,cap rotation + tactile feedback,4.4,0.34,False,0.67303,1.01719,0.76794,1.00837,1.32645,0.90757,0.94493,1.25664,0.87266,0.83776,1.11701,0.73304,0.73304,1.01229,0.62832
6.28,cap rotation + tactile feedback,4.4,0.34,False,0.6619,1.01162,0.76794,1.01283,1.32645,0.90757,0.94215,1.25664,0.87266,0.83776,1.11701,0.73304,0.73304,1.01229,0.62832
6.3,cap rotation + tactile feedback,4.4,0.34,False,0.65069,1.00602,0.76794,1.01731,1.32645,0.90757,0.93935,1.25664,0.87266,0.83776,1.11701,0.73304,0.73304,1.01229,0.62832
6.32,cap rotation + tactile feedback,4.4,0.34,False,0.63938,1.00036,0.76794,1.02183,1.32645,0.90757,0.93652,1.25664,0.87266,0.83776,1.11701,0.73304,0.73304,1.01229,0.62832
6.34,cap rotation + tactile feedback,4.4,0.34,False,0.62825,0.99479,0.76794,1.02628,1.32645,0.90757,0.93374,1.25664,0.87266,0.83776,1.11701,0.73304,0.73304,1.01229,0.62832
6.36,cap rotation + tactile feedback,4.4,0.34,False,0.61746,0.9894,0.76794,1.0306,1.32645,0.90757,0.93103,1.25664,0.87266,0.83776,1.11701,0.73304,0.73304,1.01229,0.62832
6.38,cap rotation + tactile feedback,4.4,0.34,False,0.60695,0.98416,0.76794,1.03479,1.32645,0.90757,0.9284,1.25664,0.87266,0.83776,1.11701,0.73304,0.73304,1.01229,0.62832
6.4,cap rotation + tactile feedback,4.4,0.34,False,0.59731,0.97933,0.76794,1.03865,1.32645,0.90757,0.92599,1.25664,0.87266,0.83776,1.11701,0.73304,0.73304,1.01229,0.62832
6.42,cap rotation + tactile feedback,4.4,0.34,False,0.58795,0.97465,0.76794,1.0424,1.32645,0.90757,0.92365,1.25664,0.87266,0.83776,1.11701,0.73304,0.73304,1.01229,0.62832
6.44,cap rotation + tactile feedback,4.4,0.34,False,0.58003,0.97069,0.76794,1.04557,1.32645,0.90757,0.92167,1.25664,0.87266,0.83776,1.11701,0.73304,0.73304,1.01229,0.62832
6.46,cap rotation + tactile feedback,4.4,0.34,False,0.5723,0.96683,0.76794,1.04866,1.32645,0.90757,0.91974,1.25664,0.87266,0.83776,1.11701,0.73304,0.73304,1.01229,0.62832
6.48,cap rotation + tactile feedback,4.4,0.34,False,0.56664,0.964,0.76794,1.05092,1.32645,0.90757,0.91832,1.25664,0.87266,0.83776,1.11701,0.73304,0.73304,1.01229,0.62832
6.5,cap rotation + tactile feedback,4.4,0.34,False,0.56098,0.96117,0.76794,1.05318,1.32645,0.90757,0.91691,1.25664,0.87266,0.83776,1.11701,0.73304,0.73304,1.01229,0.62832
6.52,cap rotation + tactile feedback,4.4,0.34,False,0.55796,0.95966,0.76794,1.0544,1.32645,0.90757,0.91616,1.25664,0.87266,0.83776,1.11701,0.73304,0.73304,1.01229,0.62832
6.54,cap rotation + tactile feedback,4.4,0.34,False,0.55494,0.95814,0.76794,1.05561,1.32645,0.90757,0.9154,1.25664,0.87266,0.83776,1.11701,0.73304,0.73304,1.01229,0.62832
6.56,cap rotation + tactile feedback,4.4,0.34,False,0.55455,0.95795,0.76794,1.05576,1.32645,0.90757,0.91531,1.25664,0.87266,0.83776,1.11701,0.73304,0.73304,1.01229,0.62832
6.58,cap rotation + tactile feedback,4.4,0.34,False,0.55441,0.95788,0.76794,1.05581,1.32645,0.90757,0.91527,1.25664,0.87266,0.83776,1.11701,0.73304,0.73304,1.01229,0.62832
6.6,cap rotation + tactile feedback,4.4,0.34,False,0.55673,0.95905,0.76794,1.05488,1.32645,0.90757,0.91586,1.25664,0.87266,0.83776,1.11701,0.73304,0.73304,1.01229,0.62832
6.62,cap rotation + tactile feedback,4.4,0.34,False,0.55955,0.96045,0.76794,1.05376,1.32645,0.90757,0.91656,1.25664,0.87266,0.83776,1.11701,0.73304,0.73304,1.01229,0.62832
6.64,cap rotation + tactile feedback,4.4,0.34,False,0.56451,0.96293,0.76794,1.05178,1.32645,0.90757,0.9178,1.25664,0.87266,0.83776,1.11701,0.73304,0.73304,1.01229,0.62832
6.66,cap rotation + tactile feedback,4.4,0.34,False,0.57018,0.96577,0.76794,1.04951,1.32645,0.90757,0.91921,1.25664,0.87266,0.83776,1.11701,0.73304,0.73304,1.01229,0.62832
6.68,cap rotation + tactile feedback,4.4,0.34,False,0.57759,0.96948,0.76794,1.04655,1.32645,0.90757,0.92106,1.25664,0.87266,0.83776,1.11701,0.73304,0.73304,1.01229,0.62832
6.7,cap rotation + tactile feedback,4.4,0.34,False,0.58587,0.97362,0.76794,1.04323,1.32645,0.90757,0.92313,1.25664,0.87266,0.83776,1.11701,0.73304,0.73304,1.01229,0.62832
6.72,cap rotation + tactile feedback,4.4,0.34,False,0.59542,0.97839,0.76794,1.03941,1.32645,0.90757,0.92552,1.25664,0.87266,0.83776,1.11701,0.73304,0.73304,1.01229,0.62832
6.74,cap rotation + tactile feedback,4.4,0.34,False,0.60586,0.98361,0.76794,1.03524,1.32645,0.90757,0.92813,1.25664,0.87266,0.83776,1.11701,0.73304,0.73304,1.01229,0.62832
6.76,cap rotation + tactile feedback,4.4,0.34,False,0.61709,0.98923,0.76794,1.03074,1.32645,0.90757,0.93094,1.25664,0.87266,0.83776,1.11701,0.73304,0.73304,1.01229,0.62832
6.78,cap rotation + tactile feedback,4.4,0.34,False,0.62913,0.99524,0.76794,1.02593,1.32645,0.90757,0.93395,1.25664,0.87266,0.83776,1.11701,0.73304,0.73304,1.01229,0.62832
6.8,cap rotation + tactile feedback,4.4,0.34,False,0.64157,1.00146,0.76794,1.02095,1.32645,0.90757,0.93706,1.25664,0.87266,0.83776,1.11701,0.73304,0.73304,1.01229,0.62832
6.82,cap rotation + tactile feedback,4.4,0.34,False,0.65458,1.00797,0.76794,1.01575,1.32645,0.90757,0.94031,1.25664,0.87266,0.83776,1.11701,0.73304,0.73304,1.01229,0.62832
6.84,cap rotation + tactile feedback,4.4,0.34,False,0.66764,1.0145,0.76794,1.01052,1.32645,0.90757,0.94358,1.25664,0.87266,0.83776,1.11701,0.73304,0.73304,1.01229,0.62832
6.86,cap rotation + tactile feedback,4.4,0.34,False,0.68081,1.02109,0.76794,1.00525,1.32645,0.90757,0.94688,1.25664,0.87266,0.83776,1.11701,0.73304,0.73304,1.01229,0.62832
6.88,cap rotation + tactile feedback,4.4,0.34,False,0.69385,1.0276,0.76794,1.00003,1.32645,0.90757,0.95014,1.25664,0.87266,0.83776,1.11701,0.73304,0.73304,1.01229,0.62832
6.9,cap rotation + tactile feedback,4.4,0.34,False,0.70649,1.03392,0.76794,0.99499,1.32645,0.90757,0.9533,1.25664,0.87266,0.83776,1.11701,0.73304,0.73304,1.01229,0.62832
6.92,cap rotation + tactile feedback,4.4,0.34,False,0.71891,1.04012,0.76794,0.99002,1.32645,0.90757,0.9564,1.25664,0.87266,0.83776,1.11701,0.73304,0.73304,1.01229,0.62832
6.94,cap rotation + tactile feedback,4.4,0.34,False,0.73027,1.0458,0.76794,0.98547,1.32645,0.90757,0.95924,1.25664,0.87266,0.83776,1.11701,0.73304,0.73304,1.01229,0.62832
6.96,cap rotation + tactile feedback,4.4,0.34,False,0.74146,1.0514,0.76794,0.98099,1.32645,0.90757,0.96203,1.25664,0.87266,0.83776,1.11701,0.73304,0.73304,1.01229,0.62832
6.98,cap rotation + tactile feedback,4.4,0.34,False,0.75084,1.0561,0.76794,0.97724,1.32645,0.90757,0.96438,1.25664,0.87266,0.83776,1.11701,0.73304,0.73304,1.01229,0.62832
7.0,cap rotation + tactile feedback,4.4,0.34,False,0.76021,1.06079,0.76794,0.97349,1.32645,0.90757,0.96672,1.25664,0.87266,0.83776,1.11701,0.73304,0.73304,1.01229,0.62832
7.02,cap rotation + tactile feedback,4.4,0.34,False,0.76708,1.06422,0.76794,0.97075,1.32645,0.90757,0.96844,1.25664,0.87266,0.83776,1.11701,0.73304,0.73304,1.01229,0.62832
7.04,cap rotation + tactile feedback,4.4,0.34,False,0.77394,1.06764,0.76794,0.968,1.32645,0.90757,0.97015,1.25664,0.87266,0.83776,1.11701,0.73304,0.73304,1.01229,0.62832
7.06,cap rotation + tactile feedback,4.4,0.34,False,0.77813,1.06974,0.76794,0.96633,1.32645,0.90757,0.9712,1.25664,0.87266,0.83776,1.11701,0.73304,0.73304,1.01229,0.62832
7.08,cap rotation + tactile feedback,4.4,0.34,False,0.78206,1.07171,0.76794,0.96476,1.32645,0.90757,0.97218,1.25664,0.87266,0.83776,1.11701,0.73304,0.73304,1.01229,0.62832
7.1,cap rotation + tactile feedback,4.4,0.34,False,0.78332,1.07234,0.76794,0.96426,1.32645,0.90757,0.97249,1.25664,0.87266,0.83776,1.11701,0.73304,0.73304,1.01229,0.62832
7.12,cap rotation + tactile feedback,4.4,0.34,False,0.78405,1.07271,0.76794,0.96397,1.32645,0.90757,0.97268,1.25664,0.87266,0.83776,1.11701,0.73304,0.73304,1.01229,0.62832
7.14,cap rotation + tactile feedback,4.4,0.34,False,0.78234,1.07185,0.76794,0.96465,1.32645,0.90757,0.97225,1.25664,0.87266,0.83776,1.11701,0.73304,0.73304,1.01229,0.62832
7.16,cap rotation + tactile feedback,4.4001,0.34,False,0.77982,1.07059,0.76794,0.96567,1.32645,0.90757,0.97163,1.25664,0.87266,0.83776,1.11701,0.73304,0.73304,1.01229,0.62832
7.18,cap rotation + tactile feedback,4.4001,0.34,False,0.77522,1.06829,0.76794,0.96751,1.32645,0.90757,0.97048,1.25664,0.87266,0.83776,1.11701,0.73304,0.73304,1.01229,0.62832
7.2,cap rotation + tactile feedback,4.4001,0.34,False,0.76957,1.06546,0.76794,0.96978,1.32645,0.90757,0.96907,1.25664,0.87266,0.83776,1.11701,0.73304,0.73304,1.01229,0.62832
7.22,cap rotation + tactile feedback,4.4002,0.34,False,0.76228,1.06181,0.76794,0.9727,1.32645,0.90757,0.96725,1.25664,0.87266,0.83776,1.11701,0.73304,0.73304,1.01229,0.62832
7.24,cap rotation + tactile feedback,4.4003,0.34,False,0.75383,1.05758,0.76794,0.97609,1.32645,0.90757,0.96515,1.25664,0.87266,0.83776,1.11701,0.73304,0.73304,1.01229,0.62832
7.26,cap rotation + tactile feedback,4.4003,0.34,False,0.74421,1.05277,0.76794,0.97995,1.32645,0.90757,0.96276,1.25664,0.87266,0.83776,1.11701,0.73304,0.73304,1.01229,0.62832
7.28,cap rotation + tactile feedback,4.4004,0.34,False,0.73343,1.04737,0.76794,0.98429,1.32645,0.90757,0.96007,1.25664,0.87266,0.83777,1.11701,0.73304,0.73305,1.01229,0.62832
7.3,cap rotation + tactile feedback,4.4006,0.34,False,0.72193,1.04161,0.76794,0.98892,1.32645,0.90757,0.95721,1.25664,0.87266,0.83778,1.11701,0.73304,0.73306,1.01229,0.62832
7.32,cap rotation + tactile feedback,4.4009,0.34,False,0.70942,1.03534,0.76794,0.99396,1.32645,0.90757,0.95411,1.25664,0.87266,0.83778,1.11701,0.73304,0.73306,1.01229,0.62832
7.34,cap rotation + tactile feedback,4.4013,0.34,False,0.69659,1.02891,0.76794,0.99914,1.32645,0.90757,0.95093,1.25664,0.87266,0.83778,1.11701,0.73304,0.73306,1.01229,0.62832
7.36,cap rotation + tactile feedback,4.4017,0.34,False,0.68314,1.02216,0.76794,1.0046,1.32645,0.90757,0.94761,1.25664,0.87266,0.8378,1.11701,0.73304,0.73307,1.01229,0.62832
7.38,cap rotation + tactile feedback,4.4023,0.34,False,0.66963,1.01537,0.76794,1.0101,1.32645,0.90757,0.94428,1.25664,0.87266,0.83781,1.11701,0.73304,0.73308,1.01229,0.62832
7.4,cap rotation + tactile feedback,4.4031,0.34,False,0.65596,1.00848,0.76794,1.0157,1.32645,0.90757,0.94093,1.25664,0.87266,0.83783,1.11701,0.73304,0.73309,1.01229,0.62832
7.42,slip recovery below 0.40 mm,4.404,0.34,False,0.64238,1.00163,0.76794,1.02128,1.32645,0.90757,0.93761,1.25664,0.87266,0.83785,1.11701,0.73304,0.73311,1.01229,0.62832
7.44,slip recovery below 0.40 mm,4.4055,0.34,False,0.62925,0.99499,0.76794,1.02676,1.32645,0.90757,0.93446,1.25664,0.87266,0.83788,1.11701,0.73304,0.73314,1.01229,0.62832
7.46,slip recovery below 0.40 mm,4.4071,0.34,False,0.61624,0.98841,0.76794,1.0322,1.32645,0.90757,0.93134,1.25664,0.87266,0.83792,1.11701,0.73304,0.73316,1.01229,0.62832
7.48,slip recovery below 0.40 mm,4.4095,0.34,False,0.6045,0.9824,0.76794,1.03728,1.32645,0.90757,0.9286,1.25664,0.87266,0.83797,1.11701,0.73304,0.73321,1.01229,0.62832
7.5,slip recovery below 0.40 mm,4.4119,0.34,False,0.59277,0.97639,0.76794,1.04236,1.32645,0.90757,0.92586,1.25664,0.87266,0.83802,1.11701,0.73304,0.73325,1.01229,0.62832
7.52,slip recovery below 0.40 mm,4.4159,0.34,False,0.58309,0.97133,0.76794,1.04685,1.32645,0.90757,0.92379,1.25664,0.87266,0.83811,1.11701,0.73304,0.73331,1.01229,0.62832
7.54,slip recovery below 0.40 mm,4.4199,0.34,False,0.57341,0.96628,0.76794,1.05134,1.32645,0.90757,0.92171,1.25664,0.87266,0.8382,1.11701,0.73304,0.73338,1.01229,0.62832
7.56,slip recovery below 0.40 mm,4.4259,0.34,False,0.56622,0.96233,0.76794,1.05517,1.32645,0.90757,0.92042,1.25664,0.87266,0.83834,1.11701,0.73304,0.73348,1.01229,0.62832
7.58,slip recovery below 0.40 mm,4.4322,0.34,False,0.55925,0.95849,0.76794,1.05895,1.32645,0.90757,0.9192,1.25664,0.87266,0.83848,1.11701,0.73304,0.73358,1.01229,0.62832
7.6,slip recovery below 0.40 mm,4.441,0.34,False,0.55501,0.95587,0.76794,1.06205,1.32645,0.90757,0.91889,1.25664,0.87266,0.83868,1.11701,0.73304,0.73373,1.01229,0.62832
7.62,slip recovery below 0.40 mm,4.4504,0.34,False,0.5513,0.95349,0.76794,1.06501,1.32645,0.90757,0.91876,1.25664,0.87266,0.83889,1.11701,0.73304,0.73389,1.01229,0.62832
7.64,slip recovery below 0.40 mm,4.4632,0.34,False,0.55033,0.95229,0.76794,1.06741,1.32645,0.90757,0.91959,1.25664,0.87266,0.83918,1.11701,0.73304,0.7341,1.01229,0.62832
7.66,slip recovery below 0.40 mm,4.477,0.34,False,0.55027,0.95148,0.76794,1.06962,1.32645,0.90757,0.92075,1.25664,0.87266,0.83949,1.11701,0.73304,0.73434,1.01229,0.62832
7.68,slip recovery below 0.40 mm,4.4947,0.34,False,0.5528,0.95175,0.76794,1.0714,1.32645,0.90757,0.92287,1.25664,0.87266,0.83989,1.11701,0.73304,0.73464,1.01229,0.62832
7.7,slip recovery below 0.40 mm,4.5143,0.34,False,0.55663,0.95256,0.76794,1.07296,1.32645,0.90757,0.92549,1.25664,0.87266,0.84033,1.11701,0.73304,0.73498,1.01229,0.62832
7.72,slip recovery below 0.40 mm,4.5382,0.34,False,0.56278,0.95429,0.76794,1.07425,1.32645,0.90757,0.92904,1.25664,0.87266,0.84087,1.11701,0.73304,0.73538,1.01229,0.62832
7.74,slip recovery below 0.40 mm,4.5649,0.34,False,0.57055,0.95667,0.76794,1.07536,1.32645,0.90757,0.93324,1.25664,0.87266,0.84147,1.11701,0.73304,0.73583,1.01229,0.62832
7.76,slip recovery below 0.40 mm,4.5959,0.3403,False,0.58025,0.95977,0.76794,1.07636,1.32645,0.90757,0.93828,1.25664,0.87266,0.84217,1.11701,0.73304,0.73635,1.01229,0.62832
7.78,slip recovery below 0.40 mm,4.6312,0.3409,False,0.59188,0.9636,0.76794,1.07728,1.32645,0.90757,0.94417,1.25664,0.87266,0.84297,1.11701,0.73304,0.73695,1.01229,0.62832
7.8,slip recovery below 0.40 mm,4.6704,0.3664,False,0.60499,0.96795,0.76794,1.07823,1.32645,0.90757,0.95076,1.25664,0.87266,0.84385,1.11701,0.73304,0.73761,1.01229,0.62832
7.82,slip recovery below 0.40 mm,4.7153,0.4273,False,0.62019,0.97302,0.76794,1.07922,1.32645,0.90757,0.95835,1.25664,0.87266,0.84486,1.11701,0.73304,0.73837,1.01229,0.62832
7.84,slip recovery below 0.40 mm,4.7635,0.4925,False,0.63638,0.9784,0.76794,1.08034,1.32645,0.90757,0.96647,1.25664,0.87266,0.84594,1.11701,0.73304,0.73918,1.01229,0.62832
7.86,slip recovery below 0.40 mm,4.8182,0.5666,False,0.65455,0.98441,0.76794,1.08169,1.32645,0.90757,0.97563,1.25664,0.87266,0.84718,1.11701,0.73304,0.7401,1.01229,0.62832
7.88,slip recovery below 0.40 mm,4.8752,0.6439,False,0.6733,0.99058,0.76794,1.08317,1.32645,0.90757,0.98513,1.25664,0.87266,0.84847,1.11701,0.73304,0.74106,1.01229,0.62832
7.9,slip recovery below 0.40 mm,4.9393,0.7307,False,0.69377,0.9972,0.76794,1.08508,1.32645,0.90757,0.99566,1.25664,0.87266,0.84991,1.11701,0.73304,0.74215,1.01229,0.62832
7.92,slip recovery below 0.40 mm,5.0047,0.8192,False,0.71447,1.00387,0.76794,1.0871,1.32645,0.90757,1.00636,1.25664,0.87266,0.85138,1.11701,0.73304,0.74326,1.01229,0.62832
7.94,slip recovery below 0.40 mm,5.0767,0.9168,False,0.73638,1.01077,0.76794,1.0897,1.32645,0.90757,1.01792,1.25664,0.87266,0.853,1.11701,0.73304,0.74447,1.01229,0.62832
7.96,slip recovery below 0.40 mm,5.1491,1.0149,False,0.75831,1.01766,0.76794,1.09235,1.32645,0.90757,1.02951,1.25664,0.87266,0.85463,1.11701,0.73304,0.7457,1.01229,0.62832
7.98,slip recovery below 0.40 mm,5.2259,1.119,False,0.78047,1.02442,0.76794,1.09558,1.32645,0.90757,1.04153,1.25664,0.87266,0.85636,1.11701,0.73304,0.74699,1.01229,0.62832
8.0,slip recovery below 0.40 mm,5.3027,1.223,False,0.80262,1.03118,0.76794,1.09882,1.32645,0.90757,1.05355,1.25664,0.87266,0.85809,1.11701,0.73304,0.74829,1.01229,0.62832
8.02,slip recovery below 0.40 mm,5.3804,1.3283,False,0.82389,1.03743,0.76794,1.10258,1.32645,0.90757,1.06544,1.25664,0.87266,0.85984,1.11701,0.73304,0.7496,1.01229,0.62832
8.04,slip recovery below 0.40 mm,5.4582,1.4336,False,0.84515,1.04368,0.76794,1.10634,1.32645,0.90757,1.07732,1.25664,0.87266,0.86159,1.11701,0.73304,0.7509,1.01229,0.62832
8.06,slip recovery below 0.40 mm,5.5326,1.5345,False,0.86451,1.04917,0.76794,1.11032,1.32645,0.90757,1.08845,1.25664,0.87266,0.86327,1.11701,0.73304,0.75217,1.01229,0.62832
8.08,slip recovery below 0.40 mm,5.6067,1.6348,False,0.88371,1.05459,0.76794,1.11433,1.32645,0.90757,1.0995,1.25664,0.87266,0.86494,1.11701,0.73304,0.75343,1.01229,0.62832
8.1,slip recovery below 0.40 mm,5.673,1.7247,False,0.90008,1.05905,0.76794,1.11823,1.32645,0.90757,1.1092,1.25664,0.87266,0.86643,1.11701,0.73304,0.75454,1.01229,0.62832
8.12,slip recovery below 0.40 mm,5.7378,1.8125,False,0.9159,1.06331,0.76794,1.12211,1.32645,0.90757,1.11863,1.25664,0.87266,0.86788,1.11701,0.73304,0.75563,1.01229,0.62832
8.14,slip recovery below 0.40 mm,5.792,1.886,False,0.92846,1.06654,0.76794,1.12563,1.32645,0.90757,1.12635,1.25664,0.87266,0.8691,1.11701,0.73304,0.75655,1.01229,0.62832
8.16,slip recovery below 0.40 mm,5.8426,1.9546,False,0.93993,1.06943,0.76794,1.12903,1.32645,0.90757,1.13349,1.25664,0.87266,0.87024,1.11701,0.73304,0.75741,1.01229,0.62832
8.18,slip recovery below 0.40 mm,5.8811,2.0067,False,0.94798,1.07129,0.76794,1.13188,1.32645,0.90757,1.13875,1.25664,0.87266,0.87111,1.11701,0.73304,0.75806,1.01229,0.62832
8.2,slip recovery below 0.40 mm,5.9135,2.0505,False,0.95432,1.07263,0.76794,1.13445,1.32645,0.90757,1.14307,1.25664,0.87266,0.87184,1.11701,0.73304,0.75861,1.01229,0.62832
8.22,slip recovery below 0.40 mm,5.9334,2.0775,False,0.95736,1.07303,0.76794,1.13636,1.32645,0.90757,1.14551,1.25664,0.87266,0.87229,1.11701,0.73304,0.75894,1.01229,0.62832
8.24,slip recovery below 0.40 mm,5.9445,2.0925,False,0.95807,1.07276,0.76794,1.13782,1.32645,0.90757,1.14662,1.25664,0.87266,0.87254,1.11701,0.73304,0.75913,1.01229,0.62832
8.26,slip recovery below 0.40 mm,5.9445,2.091,False,0.95594,1.07169,0.76794,1.13867,1.32645,0.90757,1.14608,1.25664,0.87266,0.87254,1.11701,0.73304,0.75913,1.01229,0.62832
8.28,slip recovery below 0.40 mm,5.9334,2.073,False,0.95095,1.06983,0.76794,1.13892,1.32645,0.90757,1.14391,1.25664,0.87266,0.87229,1.11701,0.73304,0.75894,1.01229,0.62832
8.3,slip recovery below 0.40 mm,5.9135,2.0409,False,0.94372,1.06734,0.76794,1.13868,1.32645,0.90757,1.14042,1.25664,0.87266,0.87184,1.11701,0.73304,0.75861,1.01229,0.62832
8.32,slip recovery below 0.40 mm,5.8811,1.989,False,0.93333,1.06396,0.76794,1.13774,1.32645,0.90757,1.13509,1.25664,0.87266,0.87111,1.11701,0.73304,0.75806,1.01229,0.62832
8.34,slip recovery below 0.40 mm,5.8426,1.9276,False,0.92138,1.06015,0.76794,1.13646,1.32645,0.90757,1.12885,1.25664,0.87266,0.87024,1.11701,0.73304,0.75741,1.01229,0.62832
8.36,slip recovery below 0.40 mm,5.792,1.8475,False,0.90633,1.05547,0.76794,1.13449,1.32645,0.90757,1.12081,1.25664,0.87266,0.8691,1.11701,0.73304,0.75655,1.01229,0.62832
8.38,slip recovery below 0.40 mm,5.7378,1.7624,False,0.89035,1.05053,0.76794,1.13234,1.32645,0.90757,1.11224,1.25664,0.87266,0.86788,1.11701,0.73304,0.75563,1.01229,0.62832
8.4,slip recovery below 0.40 mm,5.673,1.662,False,0.8716,1.04481,0.76794,1.12963,1.32645,0.90757,1.10207,1.25664,0.87266,0.86643,1.11701,0.73304,0.75454,1.01229,0.62832
8.42,slip recovery below 0.40 mm,5.6067,1.5596,False,0.85243,1.03896,0.76794,1.12684,1.32645,0.90757,1.09168,1.25664,0.87266,0.86494,1.11701,0.73304,0.75343,1.01229,0.62832
8.44,slip recovery below 0.40 mm,5.5326,1.4477,False,0.83113,1.03248,0.76794,1.12368,1.32645,0.90757,1.0801,1.25664,0.87266,0.86327,1.11701,0.73304,0.75217,1.01229,0.62832
8.46,slip recovery below 0.40 mm,5.4582,1.3355,False,0.80974,1.02597,0.76794,1.1205,1.32645,0.90757,1.06847,1.25664,0.87266,0.86159,1.11701,0.73304,0.7509,1.01229,0.62832
8.48,slip recovery below 0.40 mm,5.3804,1.2214,False,0.78731,1.01913,0.76794,1.11722,1.32645,0.90757,1.0563,1.25664,0.87266,0.85984,1.11701,0.73304,0.7496,1.01229,0.62832
8.5,slip recovery below 0.40 mm,5.3027,1.1073,False,0.76487,1.01229,0.76794,1.11394,1.32645,0.90757,1.04413,1.25664,0.87266,0.85809,1.11701,0.73304,0.74829,1.01229,0.62832
8.52,slip recovery below 0.40 mm,5.2259,0.9984,False,0.74255,1.00545,0.76794,1.11076,1.32645,0.90757,1.03205,1.25664,0.87266,0.85636,1.11701,0.73304,0.74699,1.01229,0.62832
8.54,slip recovery below 0.40 mm,5.1491,0.8895,False,0.72022,0.99861,0.76794,1.10758,1.32645,0.90757,1.01998,1.25664,0.87266,0.85463,1.11701,0.73304,0.7457,1.01229,0.62832
8.56,slip recovery below 0.40 mm,5.0767,0.7903,False,0.69905,0.9921,0.76794,1.10463,1.32645,0.90757,1.00858,1.25664,0.87266,0.853,1.11701,0.73304,0.74447,1.01229,0.62832
8.58,slip recovery below 0.40 mm,5.0047,0.692,False,0.67799,0.98563,0.76794,1.10171,1.32645,0.90757,0.99723,1.25664,0.87266,0.85138,1.11701,0.73304,0.74326,1.01229,0.62832
8.6,slip recovery below 0.40 mm,4.9393,0.6058,False,0.65893,0.97978,0.76794,1.09903,1.32645,0.90757,0.98695,1.25664,0.87266,0.84991,1.11701,0.73304,0.74215,1.01229,0.62832
8.62,slip recovery below 0.40 mm,4.8752,0.522,False,0.64026,0.97405,0.76794,1.09639,1.32645,0.90757,0.97687,1.25664,0.87266,0.84847,1.11701,0.73304,0.74106,1.01229,0.62832
8.64,slip recovery below 0.40 mm,4.8182,0.4498,False,0.62396,0.96911,0.76794,1.09392,1.32645,0.90757,0.96798,1.25664,0.87266,0.84718,1.11701,0.73304,0.7401,1.01229,0.62832
8.66,slip recovery below 0.40 mm,4.7635,0.3816,False,0.60845,0.96443,0.76794,1.0915,1.32645,0.90757,0.95948,1.25664,0.87266,0.84594,1.11701,0.73304,0.73918,1.01229,0.62832
8.68,slip recovery below 0.40 mm,4.7153,0.3527,False,0.59541,0.96062,0.76794,1.08913,1.32645,0.90757,0.95215,1.25664,0.87266,0.84486,1.11701,0.73304,0.73837,1.01229,0.62832
8.7,slip recovery below 0.40 mm,4.6704,0.3437,False,0.58361,0.95725,0.76794,1.08678,1.32645,0.90757,0.94541,1.25664,0.87266,0.84385,1.11701,0.73304,0.73761,1.01229,0.62832
8.72,slip recovery below 0.40 mm,4.6312,0.34,False,0.5742,0.95475,0.76794,1.08435,1.32645,0.90757,0.93975,1.25664,0.87266,0.84297,1.11701,0.73304,0.73695,1.01229,0.62832
8.74,slip recovery below 0.40 mm,4.5959,0.34,False,0.56648,0.95289,0.76794,1.08188,1.32645,0.90757,0.93484,1.25664,0.87266,0.84217,1.11701,0.73304,0.73635,1.01229,0.62832
8.76,slip recovery below 0.40 mm,4.5649,0.34,False,0.56085,0.95182,0.76794,1.07924,1.32645,0.90757,0.93082,1.25664,0.87266,0.84147,1.11701,0.73304,0.73583,1.01229,0.62832
8.78,slip recovery below 0.40 mm,4.5382,0.34,False,0.5573,0.95155,0.76794,1.07644,1.32645,0.90757,0.92767,1.25664,0.87266,0.84087,1.11701,0.73304,0.73538,1.01229,0.62832
8.8,slip recovery below 0.40 mm,4.5143,0.34,False,0.55542,0.95195,0.76794,1.07344,1.32645,0.90757,0.92519,1.25664,0.87266,0.84033,1.11701,0.73304,0.73498,1.01229,0.62832
8.82,slip recovery below 0.40 mm,4.4947,0.34,False,0.5559,0.9533,0.76794,1.07015,1.32645,0.90757,0.92364,1.25664,0.87266,0.83989,1.11701,0.73304,0.73464,1.01229,0.62832
8.84,slip recovery below 0.40 mm,4.477,0.34,False,0.55763,0.95516,0.76794,1.06667,1.32645,0.90757,0.92258,1.25664,0.87266,0.83949,1.11701,0.73304,0.73434,1.01229,0.62832
8.86,slip recovery below 0.40 mm,4.4632,0.34,False,0.56184,0.95804,0.76794,1.0628,1.32645,0.90757,0.92247,1.25664,0.87266,0.83918,1.11701,0.73304,0.7341,1.01229,0.62832
8.88,slip recovery below 0.40 mm,4.4504,0.34,False,0.56686,0.96128,0.76794,1.05879,1.32645,0.90757,0.92265,1.25664,0.87266,0.83889,1.11701,0.73304,0.73389,1.01229,0.62832
8.9,slip recovery below 0.40 mm,4.441,0.34,False,0.57433,0.96554,0.76794,1.05432,1.32645,0.90757,0.92372,1.25664,0.87266,0.83868,1.11701,0.73304,0.73373,1.01229,0.62832
8.92,slip recovery below 0.40 mm,4.4322,0.34,False,0.58224,0.96999,0.76794,1.04975,1.32645,0.90757,0.92494,1.25664,0.87266,0.83848,1.11701,0.73304,0.73358,1.01229,0.62832
8.94,slip recovery below 0.40 mm,4.4259,0.34,False,0.59238,0.97541,0.76794,1.04471,1.32645,0.90757,0.92695,1.25664,0.87266,0.83834,1.11701,0.73304,0.73348,1.01229,0.62832
8.96,slip recovery below 0.40 mm,4.4199,0.34,False,0.60269,0.9809,0.76794,1.03963,1.32645,0.90757,0.92902,1.25664,0.87266,0.8382,1.11701,0.73304,0.73338,1.01229,0.62832
8.98,slip recovery below 0.40 mm,4.4159,0.34,False,0.61476,0.98715,0.76794,1.03418,1.32645,0.90757,0.9317,1.25664,0.87266,0.83811,1.11701,0.73304,0.73331,1.01229,0.62832
9.0,slip recovery below 0.40 mm,4.4119,0.34,False,0.62682,0.99341,0.76794,1.02873,1.32645,0.90757,0.93438,1.25664,0.87266,0.83802,1.11701,0.73304,0.73325,1.01229,0.62832
9.02,slip recovery below 0.40 mm,4.4095,0.34,False,0.64005,1.00016,0.76794,1.02306,1.32645,0.90757,0.93749,1.25664,0.87266,0.83797,1.11701,0.73304,0.73321,1.01229,0.62832
9.04,slip recovery below 0.40 mm,4.4071,0.34,False,0.65329,1.00692,0.76794,1.01738,1.32645,0.90757,0.94059,1.25664,0.87266,0.83792,1.11701,0.73304,0.73316,1.01229,0.62832
9.06,slip recovery below 0.40 mm,4.4055,0.34,False,0.66689,1.01381,0.76794,1.0117,1.32645,0.90757,0.94386,1.25664,0.87266,0.83788,1.11701,0.73304,0.73314,1.01229,0.62832
9.08,slip recovery below 0.40 mm,4.404,0.34,False,0.68052,1.02072,0.76794,1.00602,1.32645,0.90757,0.94714,1.25664,0.87266,0.83785,1.11701,0.73304,0.73311,1.01229,0.62832
9.1,slip recovery below 0.40 mm,4.4031,0.34,False,0.69376,1.02738,0.76794,1.00057,1.32645,0.90757,0.95037,1.25664,0.87266,0.83783,1.11701,0.73304,0.73309,1.01229,0.62832
9.12,slip recovery below 0.40 mm,4.4023,0.34,False,0.70692,1.03401,0.76794,0.99518,1.32645,0.90757,0.95359,1.25664,0.87266,0.83781,1.11701,0.73304,0.73308,1.01229,0.62832
9.14,slip recovery below 0.40 mm,4.4017,0.34,False,0.71918,1.04017,0.76794,0.99018,1.32645,0.90757,0.95661,1.25664,0.87266,0.8378,1.11701,0.73304,0.73307,1.01229,0.62832
9.16,slip recovery below 0.40 mm,4.4013,0.34,False,0.73114,1.04618,0.76794,0.98531,1.32645,0.90757,0.95957,1.25664,0.87266,0.83778,1.11701,0.73304,0.73306,1.01229,0.62832
9.18,slip recovery below 0.40 mm,4.4009,0.34,False,0.74187,1.05156,0.76794,0.98097,1.32645,0.90757,0.96222,1.25664,0.87266,0.83778,1.11701,0.73304,0.73306,1.01229,0.62832
9.2,slip recovery below 0.40 mm,4.4006,0.34,False,0.75199,1.05663,0.76794,0.97688,1.32645,0.90757,0.96472,1.25664,0.87266,0.83778,1.11701,0.73304,0.73306,1.01229,0.62832
9.22,slip recovery below 0.40 mm,4.4004,0.34,False,0.76065,1.06098,0.76794,0.97339,1.32645,0.90757,0.96687,1.25664,0.87266,0.83777,1.11701,0.73304,0.73305,1.01229,0.62832
9.24,slip recovery below 0.40 mm,4.4003,0.34,False,0.76829,1.06481,0.76794,0.97032,1.32645,0.90757,0.96877,1.25664,0.87266,0.83776,1.11701,0.73304,0.73304,1.01229,0.62832
9.26,slip recovery below 0.40 mm,4.4003,0.34,False,0.77449,1.06792,0.76794,0.96782,1.32645,0.90757,0.97031,1.25664,0.87266,0.83776,1.11701,0.73304,0.73304,1.01229,0.62832
9.28,slip recovery below 0.40 mm,4.4002,0.34,False,0.77925,1.07029,0.76794,0.9659,1.32645,0.90757,0.97149,1.25664,0.87266,0.83776,1.11701,0.73304,0.73304,1.01229,0.62832
9.3,slip recovery below 0.40 mm,4.4001,0.34,False,0.7827,1.07202,0.76794,0.96451,1.32645,0.90757,0.97235,1.25664,0.87266,0.83776,1.11701,0.73304,0.73304,1.01229,0.62832
9.32,slip recovery below 0.40 mm,4.4001,0.34,False,0.78432,1.07284,0.76794,0.96386,1.32645,0.90757,0.97275,1.25664,0.87266,0.83776,1.11701,0.73304,0.73304,1.01229,0.62832
9.34,slip recovery below 0.40 mm,4.4001,0.34,False,0.78486,1.07311,0.76794,0.96364,1.32645,0.90757,0.97289,1.25664,0.87266,0.83776,1.11701,0.73304,0.73304,1.01229,0.62832
9.36,slip recovery below 0.40 mm,4.4,0.34,False,0.78324,1.07229,0.76794,0.96429,1.32645,0.90757,0.97248,1.25664,0.87266,0.83776,1.11701,0.73304,0.73304,1.01229,0.62832
9.38,slip recovery below 0.40 mm,4.4001,0.34,False,0.78084,1.07109,0.76795,0.96526,1.32646,0.90757,0.97188,1.25664,0.87266,0.83776,1.11702,0.73304,0.73304,1.0123,0.62832
9.4,slip recovery below 0.40 mm,4.4004,0.34,False,0.77607,1.06871,0.76798,0.96716,1.32648,0.90757,0.97069,1.25667,0.87266,0.83776,1.11704,0.73304,0.73304,1.01232,0.62832
9.42,9x payload hold,4.4011,0.34,False,0.77082,1.06609,0.76804,0.96925,1.32654,0.90757,0.96937,1.25673,0.87266,0.83776,1.1171,0.73304,0.73304,1.01238,0.62832
9.44,9x payload hold,4.4044,0.34,False,0.76315,1.06225,0.76829,0.97232,1.3268,0.90757,0.96746,1.25698,0.87266,0.83776,1.11736,0.73304,0.73304,1.01264,0.62832
9.46,9x payload hold,4.4079,0.34,False,0.75527,1.0583,0.76856,0.97548,1.32707,0.90757,0.96549,1.25726,0.87266,0.83776,1.11763,0.73304,0.73304,1.01291,0.62832
9.48,9x payload hold,4.4144,0.34,False,0.74516,1.05325,0.76907,0.97952,1.32757,0.90757,0.96297,1.25776,0.87266,0.83776,1.11813,0.73304,0.73304,1.01341,0.62832
9.5,9x payload hold,4.421,0.34,False,0.73505,1.04819,0.76957,0.98356,1.32807,0.90757,0.96044,1.25826,0.87266,0.83776,1.11863,0.73304,0.73304,1.01391,0.62832
9.52,9x payload hold,4.4305,0.34,False,0.72302,1.04218,0.77031,0.98837,1.32882,0.90757,0.95743,1.25901,0.87266,0.83776,1.11938,0.73304,0.73304,1.01466,0.62832
9.54,9x payload hold,4.4401,0.34,False,0.711,1.03617,0.77106,0.99317,1.32956,0.90757,0.95443,1.25975,0.87266,0.83776,1.12012,0.73304,0.73304,1.0154,0.62832
9.56,9x payload hold,4.4522,0.34,False,0.69782,1.02959,0.772,0.99845,1.3305,0.90757,0.95113,1.26069,0.87266,0.83776,1.12106,0.73304,0.73304,1.01634,0.62832
9.58,9x payload hold,4.4647,0.34,False,0.68453,1.02295,0.77295,1.00377,1.33146,0.90757,0.94781,1.26165,0.87266,0.83776,1.12202,0.73304,0.73304,1.0173,0.62832
9.6,9x payload hold,4.4791,0.34,False,0.67085,1.0161,0.77408,1.00925,1.33258,0.90757,0.94439,1.26277,0.87266,0.83776,1.12314,0.73304,0.73304,1.01842,0.62832
9.62,9x payload hold,4.4939,0.34,False,0.65708,1.00921,0.77523,1.01475,1.33374,0.90757,0.94095,1.26392,0.87266,0.83776,1.1243,0.73304,0.73304,1.01958,0.62832
9.64,9x payload hold,4.5103,0.34,False,0.64351,1.00242,0.77651,1.02018,1.33501,0.90757,0.93755,1.2652,0.87266,0.83776,1.12557,0.73304,0.73304,1.02085,0.62832
9.66,9x payload hold,4.5273,0.34,False,0.63,0.99567,0.77782,1.02558,1.33632,0.90757,0.93417,1.26651,0.87266,0.83776,1.12689,0.73304,0.73304,1.02217,0.62832
9.68,9x payload hold,4.5456,0.34,False,0.61714,0.98924,0.77924,1.03072,1.33775,0.90757,0.93095,1.26793,0.87266,0.83776,1.12831,0.73304,0.73304,1.02359,0.62832
9.7,9x payload hold,4.5646,0.34,False,0.6046,0.98297,0.78072,1.03574,1.33922,0.90757,0.92782,1.26941,0.87266,0.83776,1.12978,0.73304,0.73304,1.02506,0.62832
9.72,9x payload hold,4.5845,0.34,False,0.59307,0.97721,0.78226,1.04036,1.34077,0.90757,0.92494,1.27095,0.87266,0.83776,1.13133,0.73304,0.73304,1.02661,0.62832
9.74,9x payload hold,4.6051,0.34,False,0.58224,0.9718,0.78385,1.04468,1.34236,0.90757,0.92224,1.27254,0.87266,0.83776,1.13292,0.73304,0.73304,1.0282,0.62832
9.76,9x payload hold,4.6263,0.34,False,0.57257,0.96696,0.7855,1.04855,1.344,0.90757,0.91982,1.27419,0.87266,0.83776,1.13456,0.73304,0.73304,1.02984,0.62832
9.78,9x payload hold,4.6482,0.34,False,0.56405,0.9627,0.7872,1.05196,1.3457,0.90757,0.91769,1.27589,0.87266,0.83776,1.13626,0.73304,0.73304,1.03154,0.62832
9.8,9x payload hold,4.6706,0.34,False,0.55666,0.95901,0.78893,1.05491,1.34744,0.90757,0.91584,1.27762,0.87266,0.83776,1.138,0.73304,0.73304,1.03328,0.62832
9.82,9x payload hold,4.6937,0.34,False,0.55088,0.95611,0.79072,1.05723,1.34923,0.90757,0.9144,1.27941,0.87266,0.83776,1.13979,0.73304,0.73304,1.03507,0.62832
9.84,9x payload hold,4.717,0.34,False,0.54614,0.95374,0.79253,1.05913,1.35103,0.90757,0.91321,1.28122,0.87266,0.83776,1.14159,0.73304,0.73304,1.03687,0.62832
9.86,9x payload hold,4.7407,0.34,False,0.54345,0.9524,0.79437,1.0602,1.35287,0.90757,0.91253,1.28306,0.87266,0.83776,1.14343,0.73304,0.73304,1.03871,0.62832
9.88,9x payload hold,4.7646,0.34,False,0.54157,0.95146,0.79622,1.06095,1.35472,0.90757,0.91206,1.28491,0.87266,0.83776,1.14528,0.73304,0.73304,1.04056,0.62832
9.9,9x payload hold,4.7888,0.34,False,0.54211,0.95173,0.7981,1.06074,1.35661,0.90757,0.9122,1.28679,0.87266,0.83776,1.14717,0.73304,0.73304,1.04245,0.62832
9.92,9x payload hold,4.8132,0.34,False,0.54317,0.95226,0.79999,1.06032,1.35849,0.90757,0.91247,1.28868,0.87266,0.83776,1.14906,0.73304,0.73304,1.04434,0.62832
9.94,9x payload hold,4.8377,0.34,False,0.54692,0.95413,0.80189,1.05882,1.3604,0.90757,0.9134,1.29059,0.87266,0.83776,1.15096,0.73304,0.73304,1.04624,0.62832
9.96,9x payload hold,4.8623,0.34,False,0.55093,0.95613,0.8038,1.05721,1.3623,0.90757,0.9144,1.29249,0.87266,0.83776,1.15286,0.73304,0.73304,1.04814,0.62832
9.98,9x payload hold,4.8867,0.34,False,0.55766,0.9595,0.8057,1.05452,1.3642,0.90757,0.91608,1.29439,0.87266,0.83776,1.15476,0.73304,0.73304,1.05004,0.62832
10.0,9x payload hold,4.9112,0.34,False,0.56439,0.96286,0.8076,1.05182,1.3661,0.90757,0.91776,1.29629,0.87266,0.83776,1.15666,0.73304,0.73304,1.05194,0.62832
10.02,9x payload hold,4.9353,0.34,False,0.57374,0.96754,0.80947,1.04808,1.36797,0.90757,0.9201,1.29816,0.87266,0.83776,1.15853,0.73304,0.73304,1.05381,0.62832
10.04,9x payload hold,4.9594,0.34,False,0.58309,0.97222,0.81133,1.04434,1.36984,0.90757,0.92243,1.30002,0.87266,0.83776,1.1604,0.73304,0.73304,1.05568,0.62832
10.06,9x payload hold,4.983,0.34,False,0.59439,0.97787,0.81316,1.03982,1.37167,0.90757,0.92527,1.30186,0.87266,0.83776,1.16223,0.73304,0.73304,1.05751,0.62832
10.08,9x payload hold,5.0065,0.34,False,0.60586,0.98361,0.81499,1.03523,1.3735,0.90757,0.92814,1.30369,0.87266,0.83776,1.16406,0.73304,0.73304,1.05934,0.62832
10.1,9x payload hold,5.0293,0.34,False,0.61855,0.98995,0.81676,1.03016,1.37526,0.90757,0.93131,1.30545,0.87266,0.83776,1.16582,0.73304,0.73304,1.0611,0.62832
10.12,9x payload hold,5.0519,0.34,False,0.63148,0.99642,0.81851,1.025,1.37701,0.90757,0.93453,1.3072,0.87266,0.83776,1.16757,0.73304,0.73304,1.06285,0.62832
10.14,9x payload hold,5.0736,0.34,False,0.64496,1.00316,0.82019,1.0196,1.3787,0.90757,0.93791,1.30888,0.87266,0.83776,1.16926,0.73304,0.73304,1.06454,0.62832
10.16,9x payload hold,5.095,0.34,False,0.65864,1.01,0.82186,1.01412,1.38036,0.90757,0.94133,1.31055,0.87266,0.83776,1.17092,0.73304,0.73304,1.0662,0.62832
10.18,9x payload hold,5.1155,0.34,False,0.67234,1.01685,0.82344,1.00864,1.38195,0.90757,0.94476,1.31214,0.87266,0.83776,1.17251,0.73304,0.73304,1.06779,0.62832
10.2,9x payload hold,5.1354,0.34,False,0.68605,1.02371,0.82499,1.00315,1.38349,0.90757,0.94819,1.31368,0.87266,0.83776,1.17405,0.73304,0.73304,1.06933,0.62832
10.22,9x payload hold,5.1544,0.34,False,0.6993,1.03033,0.82646,0.99786,1.38496,0.90757,0.9515,1.31515,0.87266,0.83776,1.17552,0.73304,0.73304,1.0708,0.62832
10.24,9x payload hold,5.1726,0.34,False,0.71223,1.03679,0.82787,0.99269,1.38638,0.90757,0.95472,1.31656,0.87266,0.83776,1.17694,0.73304,0.73304,1.07222,0.62832
10.26,9x payload hold,5.1898,0.34,False,0.72442,1.04289,0.82921,0.98782,1.38771,0.90757,0.95777,1.3179,0.87266,0.83776,1.17827,0.73304,0.73304,1.07355,0.62832
10.28,9x payload hold,5.2059,0.34,False,0.73587,1.04861,0.83046,0.98324,1.38897,0.90757,0.96064,1.31915,0.87266,0.83776,1.17953,0.73304,0.73304,1.07481,0.62832
10.3,9x payload hold,5.2212,0.34,False,0.74646,1.05391,0.83164,0.979,1.39015,0.90757,0.96329,1.32033,0.87266,0.83776,1.18071,0.73304,0.73304,1.07599,0.62832
10.32,9x payload hold,5.2351,0.34,False,0.75583,1.0586,0.83272,0.97525,1.39122,0.90757,0.96563,1.32141,0.87266,0.83776,1.18178,0.73304,0.73304,1.07706,0.62832
10.34,9x payload hold,5.2481,0.34,False,0.76432,1.06285,0.83372,0.97186,1.39223,0.90757,0.96776,1.32242,0.87266,0.83776,1.18279,0.73304,0.73304,1.07807,0.62832
10.36,9x payload hold,5.2593,0.34,False,0.77105,1.06621,0.8346,0.96916,1.39311,0.90757,0.96944,1.3233,0.87266,0.83776,1.18367,0.73304,0.73304,1.07895,0.62832
10.38,9x payload hold,5.2699,0.34,False,0.77703,1.0692,0.83543,0.96676,1.39393,0.90757,0.97093,1.32412,0.87266,0.83776,1.18449,0.73304,0.73304,1.07977,0.62832
10.4,9x payload hold,5.2783,0.34,False,0.78077,1.07107,0.83608,0.96527,1.39458,0.90757,0.97186,1.32477,0.87266,0.83776,1.18514,0.73304,0.73304,1.08042,0.62832
10.42,9x payload hold,5.2862,0.34,False,0.78399,1.07267,0.83669,0.96398,1.3952,0.90757,0.97266,1.32538,0.87266,0.83776,1.18576,0.73304,0.73304,1.08104,0.62832
10.44,9x payload hold,5.2914,0.34,False,0.78452,1.07294,0.83709,0.96377,1.3956,0.90757,0.9728,1.32578,0.87266,0.83776,1.18616,0.73304,0.73304,1.08144,0.62832
10.46,9x payload hold,5.2964,0.34,False,0.78479,1.07307,0.83747,0.96367,1.39598,0.90757,0.97288,1.32617,0.87266,0.83776,1.18654,0.73304,0.73304,1.08182,0.62832
10.48,9x payload hold,5.2982,0.34,False,0.7821,1.07173,0.83762,0.96474,1.39612,0.90757,0.9722,1.32631,0.87266,0.83776,1.18668,0.73304,0.73304,1.08196,0.62832
10.5,9x payload hold,5.3,0.34,False,0.77941,1.07039,0.83776,0.96581,1.39626,0.90757,0.97152,1.32645,0.87266,0.83776,1.18682,0.73304,0.73304,1.0821,0.62832
10.52,9x payload hold,5.3,0.34,False,0.77364,1.06751,0.83776,0.96812,1.39626,0.90757,0.97008,1.32645,0.87266,0.83776,1.18682,0.73304,0.73304,1.0821,0.62832
10.54,9x payload hold,5.3,0.34,False,0.76788,1.06462,0.83776,0.97043,1.39626,0.90757,0.96864,1.32645,0.87266,0.83776,1.18682,0.73304,0.73304,1.0821,0.62832
10.56,9x payload hold,5.3,0.34,False,0.75957,1.06046,0.83776,0.97375,1.39626,0.90757,0.96656,1.32645,0.87266,0.83776,1.18682,0.73304,0.73304,1.0821,0.62832
10.58,9x payload hold,5.3,0.34,False,0.75103,1.05619,0.83776,0.97717,1.39626,0.90757,0.96442,1.32645,0.87266,0.83776,1.18682,0.73304,0.73304,1.0821,0.62832
10.6,9x payload hold,5.3,0.34,False,0.74058,1.05097,0.83776,0.98135,1.39626,0.90757,0.96181,1.32645,0.87266,0.83776,1.18682,0.73304,0.73304,1.0821,0.62832
10.62,9x payload hold,5.3,0.34,False,0.72976,1.04556,0.83776,0.98567,1.39626,0.90757,0.95911,1.32645,0.87266,0.83776,1.18682,0.73304,0.73304,1.0821,0.62832
10.64,9x payload hold,5.3,0.34,False,0.71767,1.03952,0.83776,0.99051,1.39626,0.90757,0.95609,1.32645,0.87266,0.83776,1.18682,0.73304,0.73304,1.0821,0.62832
10.66,9x payload hold,5.3,0.34,False,0.70517,1.03327,0.83776,0.99552,1.39626,0.90757,0.95297,1.32645,0.87266,0.83776,1.18682,0.73304,0.73304,1.0821,0.62832
10.68,9x payload hold,5.3,0.34,False,0.69197,1.02667,0.83776,1.00079,1.39626,0.90757,0.94967,1.32645,0.87266,0.83776,1.18682,0.73304,0.73304,1.0821,0.62832
10.7,9x payload hold,5.3,0.34,False,0.67843,1.0199,0.83776,1.00621,1.39626,0.90757,0.94628,1.32645,0.87266,0.83776,1.18682,0.73304,0.73304,1.0821,0.62832
10.72,9x payload hold,5.3,0.34,False,0.66476,1.01306,0.83776,1.01167,1.39626,0.90757,0.94286,1.32645,0.87266,0.83776,1.18682,0.73304,0.73304,1.0821,0.62832
10.74,9x payload hold,5.3,0.34,False,0.65099,1.00617,0.83776,1.01718,1.39626,0.90757,0.93942,1.32645,0.87266,0.83776,1.18682,0.73304,0.73304,1.0821,0.62832
10.76,9x payload hold,5.3,0.34,False,0.63748,0.99942,0.83776,1.02259,1.39626,0.90757,0.93604,1.32645,0.87266,0.83776,1.18682,0.73304,0.73304,1.0821,0.62832
10.78,9x payload hold,5.3,0.34,False,0.62422,0.99279,0.83776,1.0279,1.39626,0.90757,0.93272,1.32645,0.87266,0.83776,1.18682,0.73304,0.73304,1.0821,0.62832
10.8,9x payload hold,5.3,0.34,False,0.61147,0.98642,0.83776,1.033,1.39626,0.90757,0.92953,1.32645,0.87266,0.83776,1.18682,0.73304,0.73304,1.0821,0.62832
10.82,9x payload hold,5.3,0.34,False,0.59943,0.9804,0.83776,1.03782,1.39626,0.90757,0.92652,1.32645,0.87266,0.83776,1.18682,0.73304,0.73304,1.0821,0.62832
10.84,9x payload hold,5.3,0.34,False,0.58803,0.9747,0.83776,1.04237,1.39626,0.90757,0.92367,1.32645,0.87266,0.83776,1.18682,0.73304,0.73304,1.0821,0.62832
10.86,9x payload hold,5.3,0.34,False,0.57791,0.96964,0.83776,1.04642,1.39626,0.90757,0.92114,1.32645,0.87266,0.83776,1.18682,0.73304,0.73304,1.0821,0.62832
10.88,9x payload hold,5.3,0.34,False,0.56841,0.96489,0.83776,1.05021,1.39626,0.90757,0.91877,1.32645,0.87266,0.83776,1.18682,0.73304,0.73304,1.0821,0.62832
10.9,9x payload hold,5.3,0.34,False,0.56076,0.96106,0.83776,1.05328,1.39626,0.90757,0.91686,1.32645,0.87266,0.83776,1.18682,0.73304,0.73304,1.0821,0.62832
10.92,9x payload hold,5.3,0.34,False,0.55358,0.95746,0.83776,1.05615,1.39626,0.90757,0.91507,1.32645,0.87266,0.83776,1.18682,0.73304,0.73304,1.0821,0.62832
10.94,9x payload hold,5.3,0.34,False,0.5488,0.95508,0.83776,1.05807,1.39626,0.90757,0.91387,1.32645,0.87266,0.83776,1.18682,0.73304,0.73304,1.0821,0.62832
10.96,9x payload hold,5.3,0.34,False,0.54428,0.95283,0.83776,1.05987,1.39626,0.90757,0.91274,1.32645,0.87266,0.83776,1.18682,0.73304,0.73304,1.0821,0.62832
10.98,9x payload hold,5.3,0.34,False,0.54267,0.95202,0.83776,1.06052,1.39626,0.90757,0.91234,1.32645,0.87266,0.83776,1.18682,0.73304,0.73304,1.0821,0.62832
11.0,9x payload hold,5.3,0.34,False,0.54105,0.9512,0.83776,1.06116,1.39626,0.90757,0.91193,1.32645,0.87266,0.83776,1.18682,0.73304,0.73304,1.0821,0.62832
11.02,9x payload hold,5.3,0.34,False,0.54267,0.95202,0.83776,1.06052,1.39626,0.90757,0.91234,1.32645,0.87266,0.83776,1.18682,0.73304,0.73304,1.0821,0.62832
11.04,9x payload hold,5.3,0.34,False,0.54428,0.95283,0.83776,1.05987,1.39626,0.90757,0.91274,1.32645,0.87266,0.83776,1.18682,0.73304,0.73304,1.0821,0.62832
11.06,9x payload hold,5.3,0.34,False,0.5488,0.95508,0.83776,1.05807,1.39626,0.90757,0.91387,1.32645,0.87266,0.83776,1.18682,0.73304,0.73304,1.0821,0.62832
11.08,9x payload hold,5.3,0.34,False,0.55358,0.95746,0.83776,1.05615,1.39626,0.90757,0.91507,1.32645,0.87266,0.83776,1.18682,0.73304,0.73304,1.0821,0.62832
11.1,9x payload hold,5.3,0.34,False,0.56076,0.96106,0.83776,1.05328,1.39626,0.90757,0.91686,1.32645,0.87266,0.83776,1.18682,0.73304,0.73304,1.0821,0.62832
11.12,9x payload hold,5.3,0.34,False,0.56841,0.96489,0.83776,1.05021,1.39626,0.90757,0.91877,1.32645,0.87266,0.83776,1.18682,0.73304,0.73304,1.0821,0.62832
11.14,9x payload hold,5.3,0.34,False,0.57791,0.96964,0.83776,1.04642,1.39626,0.90757,0.92114,1.32645,0.87266,0.83776,1.18682,0.73304,0.73304,1.0821,0.62832
11.16,9x payload hold,5.3,0.34,False,0.58803,0.9747,0.83776,1.04237,1.39626,0.90757,0.92367,1.32645,0.87266,0.83776,1.18682,0.73304,0.73304,1.0821,0.62832
11.18,9x payload hold,5.3,0.34,False,0.59943,0.9804,0.83776,1.03782,1.39626,0.90757,0.92652,1.32645,0.87266,0.83776,1.18682,0.73304,0.73304,1.0821,0.62832
11.2,9x payload hold,5.3,0.34,False,0.61147,0.98642,0.83776,1.033,1.39626,0.90757,0.92953,1.32645,0.87266,0.83776,1.18682,0.73304,0.73304,1.0821,0.62832
11.22,9x payload hold,5.3,0.34,False,0.62422,0.99279,0.83776,1.0279,1.39626,0.90757,0.93272,1.32645,0.87266,0.83776,1.18682,0.73304,0.73304,1.0821,0.62832
11.24,9x payload hold,5.3,0.34,False,0.63748,0.99942,0.83776,1.02259,1.39626,0.90757,0.93604,1.32645,0.87266,0.83776,1.18682,0.73304,0.73304,1.0821,0.62832
11.26,9x payload hold,5.3,0.34,False,0.65099,1.00617,0.83776,1.01718,1.39626,0.90757,0.93942,1.32645,0.87266,0.83776,1.18682,0.73304,0.73304,1.0821,0.62832
11.28,9x payload hold,5.3,0.34,False,0.66476,1.01306,0.83776,1.01167,1.39626,0.90757,0.94286,1.32645,0.87266,0.83776,1.18682,0.73304,0.73304,1.0821,0.62832
11.3,9x payload hold,5.3,0.34,False,0.67843,1.0199,0.83776,1.00621,1.39626,0.90757,0.94628,1.32645,0.87266,0.83776,1.18682,0.73304,0.73304,1.0821,0.62832
11.32,9x payload hold,5.3,0.34,False,0.69197,1.02667,0.83776,1.00079,1.39626,0.90757,0.94967,1.32645,0.87266,0.83776,1.18682,0.73304,0.73304,1.0821,0.62832
11.34,9x payload hold,5.3,0.34,False,0.70517,1.03327,0.83776,0.99552,1.39626,0.90757,0.95297,1.32645,0.87266,0.83776,1.18682,0.73304,0.73304,1.0821,0.62832
11.36,9x payload hold,5.3,0.34,False,0.71767,1.03952,0.83776,0.99051,1.39626,0.90757,0.95609,1.32645,0.87266,0.83776,1.18682,0.73304,0.73304,1.0821,0.62832
11.38,9x payload hold,5.3,0.34,False,0.72976,1.04556,0.83776,0.98567,1.39626,0.90757,0.95911,1.32645,0.87266,0.83776,1.18682,0.73304,0.73304,1.0821,0.62832
11.4,9x payload hold,5.3,0.34,False,0.74058,1.05097,0.83776,0.98135,1.39626,0.90757,0.96181,1.32645,0.87266,0.83776,1.18682,0.73304,0.73304,1.0821,0.62832
11.42,9x payload hold,5.3,0.34,False,0.75103,1.05619,0.83776,0.97717,1.39626,0.90757,0.96442,1.32645,0.87266,0.83776,1.18682,0.73304,0.73304,1.0821,0.62832
11.44,9x payload hold,5.3,0.34,False,0.75957,1.06046,0.83776,0.97375,1.39626,0.90757,0.96656,1.32645,0.87266,0.83776,1.18682,0.73304,0.73304,1.0821,0.62832
11.46,9x payload hold,5.3,0.34,False,0.76788,1.06462,0.83776,0.97043,1.39626,0.90757,0.96864,1.32645,0.87266,0.83776,1.18682,0.73304,0.73304,1.0821,0.62832
11.48,9x payload hold,5.3,0.34,False,0.77364,1.06751,0.83776,0.96812,1.39626,0.90757,0.97008,1.32645,0.87266,0.83776,1.18682,0.73304,0.73304,1.0821,0.62832
11.5,9x payload hold,5.3,0.34,False,0.77941,1.07039,0.83776,0.96581,1.39626,0.90757,0.97152,1.32645,0.87266,0.83776,1.18682,0.73304,0.73304,1.0821,0.62832
11.52,9x payload hold,5.3,0.34,False,0.7821,1.07173,0.83776,0.96474,1.39626,0.90757,0.9722,1.32645,0.87266,0.83776,1.18682,0.73304,0.73304,1.0821,0.62832
11.54,9x payload hold,5.3,0.34,False,0.78479,1.07307,0.83776,0.96367,1.39626,0.90757,0.97288,1.32645,0.87266,0.83776,1.18682,0.73304,0.73304,1.0821,0.62832
11.56,9x payload hold,5.3,0.34,False,0.78452,1.07294,0.83776,0.96377,1.39626,0.90757,0.9728,1.32645,0.87266,0.83776,1.18682,0.73304,0.73304,1.0821,0.62832
11.58,9x payload hold,5.3,0.34,False,0.78399,1.07267,0.83776,0.96398,1.39626,0.90757,0.97266,1.32645,0.87266,0.83776,1.18682,0.73304,0.73304,1.0821,0.62832
11.6,9x payload hold,5.3,0.34,False,0.78077,1.07107,0.83776,0.96527,1.39626,0.90757,0.97186,1.32645,0.87266,0.83776,1.18682,0.73304,0.73304,1.0821,0.62832
11.62,9x payload hold,5.3,0.34,False,0.77703,1.0692,0.83776,0.96676,1.39626,0.90757,0.97093,1.32645,0.87266,0.83776,1.18682,0.73304,0.73304,1.0821,0.62832
11.64,9x payload hold,5.3,0.34,False,0.77105,1.06621,0.83776,0.96916,1.39626,0.90757,0.96944,1.32645,0.87266,0.83776,1.18682,0.73304,0.73304,1.0821,0.62832
11.66,9x payload hold,5.3,0.34,False,0.76432,1.06285,0.83776,0.97186,1.39626,0.90757,0.96776,1.32645,0.87266,0.83776,1.18682,0.73304,0.73304,1.0821,0.62832
11.68,9x payload hold,5.3,0.34,False,0.75583,1.0586,0.83776,0.97525,1.39626,0.90757,0.96563,1.32645,0.87266,0.83776,1.18682,0.73304,0.73304,1.0821,0.62832
11.7,9x payload hold,5.3,0.34,False,0.74646,1.05391,0.83776,0.979,1.39626,0.90757,0.96329,1.32645,0.87266,0.83776,1.18682,0.73304,0.73304,1.0821,0.62832
11.72,9x payload hold,5.3,0.34,False,0.73587,1.04861,0.83776,0.98324,1.39626,0.90757,0.96064,1.32645,0.87266,0.83776,1.18682,0.73304,0.73304,1.0821,0.62832
11.74,9x payload hold,5.3,0.34,False,0.72442,1.04289,0.83776,0.98782,1.39626,0.90757,0.95777,1.32645,0.87266,0.83776,1.18682,0.73304,0.73304,1.0821,0.62832
11.76,9x payload hold,5.3,0.34,False,0.71223,1.03679,0.83776,0.99269,1.39626,0.90757,0.95472,1.32645,0.87266,0.83776,1.18682,0.73304,0.73304,1.0821,0.62832
11.78,9x payload hold,5.3,0.34,False,0.6993,1.03033,0.83776,0.99786,1.39626,0.90757,0.9515,1.32645,0.87266,0.83776,1.18682,0.73304,0.73304,1.0821,0.62832
11.8,9x payload hold,5.3,0.34,False,0.68605,1.02371,0.83776,1.00315,1.39626,0.90757,0.94819,1.32645,0.87266,0.83776,1.18682,0.73304,0.73304,1.0821,0.62832
11.82,9x payload hold,5.3,0.34,False,0.67234,1.01685,0.83776,1.00864,1.39626,0.90757,0.94476,1.32645,0.87266,0.83776,1.18682,0.73304,0.73304,1.0821,0.62832
11.84,dataset + hardware export,5.3,0.34,False,0.65864,1.01,0.83776,1.01412,1.39626,0.90757,0.94133,1.32645,0.87266,0.83776,1.18682,0.73304,0.73304,1.0821,0.62832
11.86,dataset + hardware export,5.3,0.34,False,0.64496,1.00316,0.83776,1.0196,1.39626,0.90757,0.93791,1.32645,0.87266,0.83776,1.18682,0.73304,0.73304,1.0821,0.62832
11.88,dataset + hardware export,5.3,0.34,False,0.63148,0.99642,0.83776,1.025,1.39626,0.90757,0.93453,1.32645,0.87266,0.83776,1.18682,0.73304,0.73304,1.0821,0.62832
11.9,dataset + hardware export,5.3,0.34,False,0.61855,0.98995,0.83776,1.03016,1.39626,0.90757,0.93131,1.32645,0.87266,0.83776,1.18682,0.73304,0.73304,1.0821,0.62832
11.92,dataset + hardware export,5.3,0.34,False,0.60586,0.98361,0.83776,1.03523,1.39626,0.90757,0.92814,1.32645,0.87266,0.83776,1.18682,0.73304,0.73304,1.0821,0.62832
11.94,dataset + hardware export,5.3,0.34,False,0.59439,0.97787,0.83776,1.03982,1.39626,0.90757,0.92527,1.32645,0.87266,0.83776,1.18682,0.73304,0.73304,1.0821,0.62832
11.96,dataset + hardware export,5.3,0.34,False,0.58309,0.97222,0.83776,1.04434,1.39626,0.90757,0.92243,1.32645,0.87266,0.83776,1.18682,0.73304,0.73304,1.0821,0.62832
11.98,dataset + hardware export,5.3,0.34,False,0.57374,0.96754,0.83776,1.04808,1.39626,0.90757,0.9201,1.32645,0.87266,0.83776,1.18682,0.73304,0.73304,1.0821,0.62832
12.0,dataset + hardware export,5.3,0.34,False,0.56439,0.96286,0.83776,1.05182,1.39626,0.90757,0.91776,1.32645,0.87266,0.83776,1.18682,0.73304,0.73304,1.0821,0.62832
12.02,dataset + hardware export,5.3,0.34,False,0.55766,0.9595,0.83776,1.05452,1.39626,0.90757,0.91608,1.32645,0.87266,0.83776,1.18682,0.73304,0.73304,1.0821,0.62832
12.04,dataset + hardware export,5.3,0.34,False,0.55093,0.95613,0.83776,1.05721,1.39626,0.90757,0.9144,1.32645,0.87266,0.83776,1.18682,0.73304,0.73304,1.0821,0.62832
12.06,dataset + hardware export,5.3,0.34,False,0.54692,0.95413,0.83776,1.05882,1.39626,0.90757,0.9134,1.32645,0.87266,0.83776,1.18682,0.73304,0.73304,1.0821,0.62832
12.08,dataset + hardware export,5.3,0.34,False,0.54317,0.95226,0.83776,1.06032,1.39626,0.90757,0.91247,1.32645,0.87266,0.83776,1.18682,0.73304,0.73304,1.0821,0.62832
12.1,dataset + hardware export,5.3,0.34,False,0.54211,0.95173,0.83776,1.06074,1.39626,0.90757,0.9122,1.32645,0.87266,0.83776,1.18682,0.73304,0.73304,1.0821,0.62832
12.12,dataset + hardware export,5.3,0.34,False,0.54157,0.95146,0.83776,1.06095,1.39626,0.90757,0.91206,1.32645,0.87266,0.83776,1.18682,0.73304,0.73304,1.0821,0.62832
12.14,dataset + hardware export,5.3,0.34,False,0.54345,0.9524,0.83776,1.0602,1.39626,0.90757,0.91253,1.32645,0.87266,0.83776,1.18682,0.73304,0.73304,1.0821,0.62832
12.16,dataset + hardware export,5.3,0.34,False,0.54614,0.95374,0.83776,1.05913,1.39626,0.90757,0.91321,1.32645,0.87266,0.83776,1.18682,0.73304,0.73304,1.0821,0.62832
12.18,dataset + hardware export,5.3,0.34,False,0.55088,0.95611,0.83776,1.05723,1.39626,0.90757,0.9144,1.32645,0.87266,0.83776,1.18682,0.73304,0.73304,1.0821,0.62832
12.2,dataset + hardware export,5.3,0.34,False,0.55666,0.95901,0.83776,1.05491,1.39626,0.90757,0.91584,1.32645,0.87266,0.83776,1.18682,0.73304,0.73304,1.0821,0.62832
12.22,dataset + hardware export,5.3,0.34,False,0.56405,0.9627,0.83776,1.05196,1.39626,0.90757,0.91769,1.32645,0.87266,0.83776,1.18682,0.73304,0.73304,1.0821,0.62832
12.24,dataset + hardware export,5.3,0.34,False,0.57257,0.96696,0.83776,1.04855,1.39626,0.90757,0.91982,1.32645,0.87266,0.83776,1.18682,0.73304,0.73304,1.0821,0.62832
12.26,dataset + hardware export,5.3,0.34,False,0.58224,0.9718,0.83776,1.04468,1.39626,0.90757,0.92224,1.32645,0.87266,0.83776,1.18682,0.73304,0.73304,1.0821,0.62832
12.28,dataset + hardware export,5.3,0.34,False,0.59307,0.97721,0.83776,1.04036,1.39626,0.90757,0.92494,1.32645,0.87266,0.83776,1.18682,0.73304,0.73304,1.0821,0.62832
12.3,dataset + hardware export,5.3,0.34,False,0.6046,0.98297,0.83776,1.03574,1.39626,0.90757,0.92782,1.32645,0.87266,0.83776,1.18682,0.73304,0.73304,1.0821,0.62832
12.32,dataset + hardware export,5.3,0.34,False,0.61714,0.98924,0.83776,1.03072,1.39626,0.90757,0.93095,1.32645,0.87266,0.83776,1.18682,0.73304,0.73304,1.0821,0.62832
12.34,dataset + hardware export,5.3,0.34,False,0.63,0.99567,0.83776,1.02558,1.39626,0.90757,0.93417,1.32645,0.87266,0.83776,1.18682,0.73304,0.73304,1.0821,0.62832
12.36,dataset + hardware export,5.3,0.34,False,0.64351,1.00242,0.83776,1.02018,1.39626,0.90757,0.93755,1.32645,0.87266,0.83776,1.18682,0.73304,0.73304,1.0821,0.62832
12.38,dataset + hardware export,5.3,0.34,False,0.65708,1.00921,0.83776,1.01475,1.39626,0.90757,0.94095,1.32645,0.87266,0.83776,1.18682,0.73304,0.73304,1.0821,0.62832
12.4,dataset + hardware export,5.3,0.34,False,0.67085,1.0161,0.83776,1.00925,1.39626,0.90757,0.94439,1.32645,0.87266,0.83776,1.18682,0.73304,0.73304,1.0821,0.62832
12.42,dataset + hardware export,5.3,0.34,False,0.68453,1.02295,0.83776,1.00377,1.39626,0.90757,0.94781,1.32645,0.87266,0.83776,1.18682,0.73304,0.73304,1.0821,0.62832
12.44,dataset + hardware export,5.3,0.34,False,0.69782,1.02959,0.83776,0.99845,1.39626,0.90757,0.95113,1.32645,0.87266,0.83776,1.18682,0.73304,0.73304,1.0821,0.62832
12.46,dataset + hardware export,5.3,0.34,False,0.711,1.03617,0.83776,0.99317,1.39626,0.90757,0.95443,1.32645,0.87266,0.83776,1.18682,0.73304,0.73304,1.0821,0.62832
12.48,dataset + hardware export,5.3,0.34,False,0.72302,1.04218,0.83776,0.98837,1.39626,0.90757,0.95743,1.32645,0.87266,0.83776,1.18682,0.73304,0.73304,1.0821,0.62832
12.5,dataset + hardware export,5.3,0.34,False,0.73503,1.04819,0.83776,0.98356,1.39626,0.90757,0.96044,1.32645,0.87266,0.83776,1.18682,0.73304,0.73304,1.0821,0.62832
12.52,dataset + hardware export,5.3,0.34,False,0.74515,1.05325,0.83776,0.97952,1.39626,0.90757,0.96297,1.32645,0.87266,0.83776,1.18682,0.73304,0.73304,1.0821,0.62832
12.54,dataset + hardware export,5.3,0.34,False,0.75527,1.0583,0.83776,0.97548,1.39626,0.90757,0.96549,1.32645,0.87266,0.83776,1.18682,0.73304,0.73304,1.0821,0.62832
12.56,dataset + hardware export,5.3,0.34,False,0.76315,1.06225,0.83776,0.97232,1.39626,0.90757,0.96746,1.32645,0.87266,0.83776,1.18682,0.73304,0.73304,1.0821,0.62832
12.58,dataset + hardware export,5.3,0.34,False,0.77082,1.06609,0.83776,0.96925,1.39626,0.90757,0.96937,1.32645,0.87266,0.83776,1.18682,0.73304,0.73304,1.0821,0.62832
12.6,dataset + hardware export,5.3,0.34,False,0.77607,1.06871,0.83776,0.96715,1.39626,0.90757,0.97069,1.32645,0.87266,0.83776,1.18682,0.73304,0.73304,1.0821,0.62832
12.62,dataset + hardware export,5.3,0.34,False,0.78084,1.07109,0.83776,0.96524,1.39626,0.90757,0.97188,1.32645,0.87266,0.83776,1.18682,0.73304,0.73304,1.0821,0.62832
12.64,dataset + hardware export,5.3,0.34,False,0.78324,1.07229,0.83776,0.96428,1.39626,0.90757,0.97248,1.32645,0.87266,0.83776,1.18682,0.73304,0.73304,1.0821,0.62832
12.66,dataset + hardware export,5.3,0.34,False,0.78486,1.07311,0.83776,0.96364,1.39626,0.90757,0.97289,1.32645,0.87266,0.83776,1.18682,0.73304,0.73304,1.0821,0.62832
12.68,dataset + hardware export,5.3,0.34,False,0.78432,1.07284,0.83776,0.96385,1.39626,0.90757,0.97275,1.32645,0.87266,0.83776,1.18682,0.73304,0.73304,1.0821,0.62832
12.7,dataset + hardware export,5.3,0.34,False,0.7827,1.07202,0.83776,0.9645,1.39626,0.90757,0.97235,1.32645,0.87266,0.83776,1.18682,0.73304,0.73304,1.0821,0.62832
12.72,dataset + hardware export,5.3,0.34,False,0.77924,1.07029,0.83776,0.96588,1.39626,0.90757,0.97148,1.32645,0.87266,0.83776,1.18682,0.73304,0.73304,1.0821,0.62832
12.74,dataset + hardware export,5.3,0.34,False,0.77447,1.06792,0.83776,0.96779,1.39626,0.90757,0.97029,1.32645,0.87266,0.83776,1.18682,0.73304,0.73304,1.0821,0.62832
12.76,dataset + hardware export,5.3,0.34,False,0.76826,1.06481,0.83776,0.97028,1.39626,0.90757,0.96873,1.32645,0.87266,0.83776,1.18682,0.73304,0.73304,1.0821,0.62832
12.78,dataset + hardware export,5.3,0.34,False,0.7606,1.06098,0.83776,0.97334,1.39626,0.90757,0.96682,1.32645,0.87266,0.83776,1.18682,0.73304,0.73304,1.0821,0.62832
12.8,dataset + hardware export,5.3,0.34,False,0.75192,1.05663,0.83776,0.97681,1.39626,0.90757,0.96466,1.32645,0.87266,0.83776,1.18682,0.73304,0.73304,1.0821,0.62832
12.82,dataset + hardware export,5.3,0.34,False,0.74177,1.05156,0.83776,0.98087,1.39626,0.90757,0.96212,1.32645,0.87266,0.83776,1.18682,0.73304,0.73304,1.0821,0.62832
12.84,dataset + hardware export,5.3,0.34,False,0.731,1.04618,0.83776,0.98517,1.39626,0.90757,0.95943,1.32645,0.87266,0.83776,1.18682,0.73304,0.73304,1.0821,0.62832
12.86,dataset + hardware export,5.3,0.34,False,0.71899,1.04017,0.83776,0.98998,1.39626,0.90757,0.95643,1.32645,0.87266,0.83776,1.18682,0.73304,0.73304,1.0821,0.62832
12.88,dataset + hardware export,5.3,0.34,False,0.70667,1.03401,0.83776,0.99491,1.39626,0.90757,0.95334,1.32645,0.87266,0.83776,1.18682,0.73304,0.73304,1.0821,0.62832
12.9,dataset + hardware export,5.3,0.34,False,0.69341,1.02738,0.83776,1.00021,1.39626,0.90757,0.95003,1.32645,0.87266,0.83776,1.18682,0.73304,0.73304,1.0821,0.62832
12.92,dataset + hardware export,5.3,0.34,False,0.68006,1.02072,0.83776,1.00556,1.39626,0.90757,0.94669,1.32645,0.87266,0.83776,1.18682,0.73304,0.73304,1.0821,0.62832
12.94,dataset + hardware export,5.3,0.34,False,0.66627,1.01381,0.83776,1.01108,1.39626,0.90757,0.94324,1.32645,0.87266,0.83776,1.18682,0.73304,0.73304,1.0821,0.62832
12.96,dataset + hardware export,5.3,0.34,False,0.65249,1.00692,0.83776,1.01659,1.39626,0.90757,0.9398,1.32645,0.87266,0.83776,1.18682,0.73304,0.73304,1.0821,0.62832
12.98,dataset + hardware export,5.3,0.34,False,0.63898,1.00016,0.83776,1.02199,1.39626,0.90757,0.93642,1.32645,0.87266,0.83776,1.18682,0.73304,0.73304,1.0821,0.62832
13.0,dataset + hardware export,5.3,0.34,False,0.62547,0.99341,0.83776,1.02739,1.39626,0.90757,0.93304,1.32645,0.87266,0.83776,1.18682,0.73304,0.73304,1.0821,0.62832
13.02,dataset + hardware export,5.3,0.34,False,0.61297,0.98715,0.83776,1.03239,1.39626,0.90757,0.92991,1.32645,0.87266,0.83776,1.18682,0.73304,0.73304,1.0821,0.62832
13.04,dataset + hardware export,5.3,0.34,False,0.60046,0.9809,0.83776,1.0374,1.39626,0.90757,0.92679,1.32645,0.87266,0.83776,1.18682,0.73304,0.73304,1.0821,0.62832
13.06,dataset + hardware export,5.3,0.34,False,0.58947,0.97541,0.83776,1.04179,1.39626,0.90757,0.92405,1.32645,0.87266,0.83776,1.18682,0.73304,0.73304,1.0821,0.62832
13.08,dataset + hardware export,5.3,0.34,False,0.57862,0.96999,0.83776,1.04613,1.39626,0.90757,0.92134,1.32645,0.87266,0.83776,1.18682,0.73304,0.73304,1.0821,0.62832
13.1,dataset + hardware export,5.3,0.34,False,0.56972,0.96554,0.83776,1.04969,1.39626,0.90757,0.91911,1.32645,0.87266,0.83776,1.18682,0.73304,0.73304,1.0821,0.62832
13.12,dataset + hardware export,5.3,0.34,False,0.56119,0.96128,0.83776,1.0531,1.39626,0.90757,0.91697,1.32645,0.87266,0.83776,1.18682,0.73304,0.73304,1.0821,0.62832
13.14,dataset + hardware export,5.3,0.34,False,0.55474,0.95804,0.83776,1.05568,1.39626,0.90757,0.91536,1.32645,0.87266,0.83776,1.18682,0.73304,0.73304,1.0821,0.62832
13.16,dataset + hardware export,5.3,0.34,False,0.54897,0.95516,0.83776,1.058,1.39626,0.90757,0.91392,1.32645,0.87266,0.83776,1.18682,0.73304,0.73304,1.0821,0.62832
13.18,dataset + hardware export,5.3,0.34,False,0.54525,0.9533,0.83776,1.05948,1.39626,0.90757,0.91298,1.32645,0.87266,0.83776,1.18682,0.73304,0.73304,1.0821,0.62832
13.2,dataset + hardware export,5.3,0.34,False,0.54255,0.95195,0.83776,1.06056,1.39626,0.90757,0.9123,1.32645,0.87266,0.83776,1.18682,0.73304,0.73304,1.0821,0.62832
13.22,dataset + hardware export,5.3,0.34,False,0.54175,0.95155,0.83776,1.06088,1.39626,0.90757,0.91211,1.32645,0.87266,0.83776,1.18682,0.73304,0.73304,1.0821,0.62832
13.24,dataset + hardware export,5.3,0.34,False,0.54229,0.95182,0.83776,1.06067,1.39626,0.90757,0.91225,1.32645,0.87266,0.83776,1.18682,0.73304,0.73304,1.0821,0.62832
13.26,dataset + hardware export,5.3,0.34,False,0.54442,0.95289,0.83776,1.05982,1.39626,0.90757,0.91278,1.32645,0.87266,0.83776,1.18682,0.73304,0.73304,1.0821,0.62832
13.28,dataset + hardware export,5.3,0.34,False,0.54817,0.95475,0.83776,1.05832,1.39626,0.90757,0.91371,1.32645,0.87266,0.83776,1.18682,0.73304,0.73304,1.0821,0.62832
13.3,dataset + hardware export,5.3,0.34,False,0.55315,0.95725,0.83776,1.05632,1.39626,0.90757,0.91496,1.32645,0.87266,0.83776,1.18682,0.73304,0.73304,1.0821,0.62832
13.32,dataset + hardware export,5.3,0.34,False,0.5599,0.96062,0.83776,1.05362,1.39626,0.90757,0.91664,1.32645,0.87266,0.83776,1.18682,0.73304,0.73304,1.0821,0.62832
13.34,dataset + hardware export,5.3,0.34,False,0.56752,0.96443,0.83776,1.05057,1.39626,0.90757,0.91855,1.32645,0.87266,0.83776,1.18682,0.73304,0.73304,1.0821,0.62832
13.36,dataset + hardware export,5.3,0.34,False,0.57687,0.96911,0.83776,1.04683,1.39626,0.90757,0.92088,1.32645,0.87266,0.83776,1.18682,0.73304,0.73304,1.0821,0.62832
13.38,dataset + hardware export,5.3,0.34,False,0.58675,0.97405,0.83776,1.04288,1.39626,0.90757,0.92335,1.32645,0.87266,0.83776,1.18682,0.73304,0.73304,1.0821,0.62832
13.4,dataset + hardware export,5.3,0.34,False,0.5982,0.97978,0.83776,1.0383,1.39626,0.90757,0.92622,1.32645,0.87266,0.83776,1.18682,0.73304,0.73304,1.0821,0.62832
13.42,dataset + hardware export,5.3,0.34,False,0.6099,0.98563,0.83776,1.03362,1.39626,0.90757,0.92915,1.32645,0.87266,0.83776,1.18682,0.73304,0.73304,1.0821,0.62832
13.44,dataset + hardware export,5.3,0.34,False,0.62285,0.9921,0.83776,1.02844,1.39626,0.90757,0.93238,1.32645,0.87266,0.83776,1.18682,0.73304,0.73304,1.0821,0.62832
13.46,dataset + hardware export,5.3,0.34,False,0.63587,0.99861,0.83776,1.02324,1.39626,0.90757,0.93563,1.32645,0.87266,0.83776,1.18682,0.73304,0.73304,1.0821,0.62832
13.48,dataset + hardware export,5.3,0.34,False,0.64955,1.00545,0.83776,1.01777,1.39626,0.90757,0.93905,1.32645,0.87266,0.83776,1.18682,0.73304,0.73304,1.0821,0.62832
13.5,dataset + hardware export,5.3,0.34,False,0.66323,1.01229,0.83776,1.01229,1.39626,0.90757,0.94248,1.32645,0.87266,0.83776,1.18682,0.73304,0.73304,1.0821,0.62832
13.52,dataset + hardware export,5.3,0.34,False,0.6769,1.01913,0.83776,1.00682,1.39626,0.90757,0.9459,1.32645,0.87266,0.83776,1.18682,0.73304,0.73304,1.0821,0.62832
13.54,dataset + hardware export,5.3,0.34,False,0.69058,1.02597,0.83776,1.00134,1.39626,0.90757,0.94933,1.32645,0.87266,0.83776,1.18682,0.73304,0.73304,1.0821,0.62832
13.56,dataset + hardware export,5.3,0.34,False,0.7036,1.03248,0.83776,0.99614,1.39626,0.90757,0.95257,1.32645,0.87266,0.83776,1.18682,0.73304,0.73304,1.0821,0.62832
13.58,dataset + hardware export,5.3,0.34,False,0.71655,1.03896,0.83776,0.99096,1.39626,0.90757,0.9558,1.32645,0.87266,0.83776,1.18682,0.73304,0.73304,1.0821,0.62832
13.6,dataset + hardware export,5.3,0.34,False,0.72825,1.04481,0.83776,0.98628,1.39626,0.90757,0.95873,1.32645,0.87266,0.83776,1.18682,0.73304,0.73304,1.0821,0.62832
13.62,dataset + hardware export,5.3,0.34,False,0.7397,1.05053,0.83776,0.98171,1.39626,0.90757,0.9616,1.32645,0.87266,0.83776,1.18682,0.73304,0.73304,1.0821,0.62832
13.64,dataset + hardware export,5.3,0.34,False,0.74958,1.05547,0.83776,0.97775,1.39626,0.90757,0.96407,1.32645,0.87266,0.83776,1.18682,0.73304,0.73304,1.0821,0.62832
13.66,dataset + hardware export,5.3,0.34,False,0.75893,1.06015,0.83776,0.97401,1.39626,0.90757,0.96641,1.32645,0.87266,0.83776,1.18682,0.73304,0.73304,1.0821,0.62832
13.68,dataset + hardware export,5.3,0.34,False,0.76655,1.06396,0.83776,0.97096,1.39626,0.90757,0.96831,1.32645,0.87266,0.83776,1.18682,0.73304,0.73304,1.0821,0.62832
13.7,dataset + hardware export,5.3,0.34,False,0.7733,1.06734,0.83776,0.96826,1.39626,0.90757,0.97,1.32645,0.87266,0.83776,1.18682,0.73304,0.73304,1.0821,0.62832
13.72,dataset + hardware export,5.3,0.34,False,0.77828,1.06983,0.83776,0.96626,1.39626,0.90757,0.97124,1.32645,0.87266,0.83776,1.18682,0.73304,0.73304,1.0821,0.62832
13.74,dataset + hardware export,5.3,0.34,False,0.78203,1.07169,0.83776,0.96476,1.39626,0.90757,0.97217,1.32645,0.87266,0.83776,1.18682,0.73304,0.73304,1.0821,0.62832
13.76,dataset + hardware export,5.3,0.34,False,0.78417,1.07276,0.83776,0.96391,1.39626,0.90757,0.97271,1.32645,0.87266,0.83776,1.18682,0.73304,0.73304,1.0821,0.62832
13.78,dataset + hardware export,5.3,0.34,False,0.7847,1.07303,0.83776,0.9637,1.39626,0.90757,0.97285,1.32645,0.87266,0.83776,1.18682,0.73304,0.73304,1.0821,0.62832
13.8,dataset + hardware export,5.3,0.34,False,0.7839,1.07263,0.83776,0.96402,1.39626,0.90757,0.97265,1.32645,0.87266,0.83776,1.18682,0.73304,0.73304,1.0821,0.62832
13.82,dataset + hardware export,5.3,0.34,False,0.7812,1.07129,0.83776,0.9651,1.39626,0.90757,0.97197,1.32645,0.87266,0.83776,1.18682,0.73304,0.73304,1.0821,0.62832
13.84,dataset + hardware export,5.3,0.34,False,0.77748,1.06943,0.83776,0.96659,1.39626,0.90757,0.97104,1.32645,0.87266,0.83776,1.18682,0.73304,0.73304,1.0821,0.62832
13.86,dataset + hardware export,5.3,0.34,False,0.77171,1.06654,0.83776,0.9689,1.39626,0.90757,0.9696,1.32645,0.87266,0.83776,1.18682,0.73304,0.73304,1.0821,0.62832
13.88,dataset + hardware export,5.3,0.34,False,0.76526,1.06331,0.83776,0.97148,1.39626,0.90757,0.96798,1.32645,0.87266,0.83776,1.18682,0.73304,0.73304,1.0821,0.62832
13.9,dataset + hardware export,5.3,0.34,False,0.75673,1.05905,0.83776,0.97489,1.39626,0.90757,0.96585,1.32645,0.87266,0.83776,1.18682,0.73304,0.73304,1.0821,0.62832
13.92,dataset + hardware export,5.3,0.34,False,0.74783,1.05459,0.83776,0.97845,1.39626,0.90757,0.96362,1.32645,0.87266,0.83776,1.18682,0.73304,0.73304,1.0821,0.62832
13.94,dataset + hardware export,5.3,0.34,False,0.73698,1.04917,0.83776,0.98279,1.39626,0.90757,0.96091,1.32645,0.87266,0.83776,1.18682,0.73304,0.73304,1.0821,0.62832
